city,community,distance,houseInfo,link,price,time,title
闲林,余杭闲林竹海水韵,4.235,--85.79㎡南北2室2厅1卫,/zufang/HZ2799856465135796224.html,3000,5天前维护,整租·竹海水韵 2室2厅 南/北
闲林,,,23.00㎡1间在租1室1厅1卫,/apartment/17959.html,2061,6天前维护,独栋·柚米国际社区 杭州西溪湿地店 舒适特惠一居 1室1厅
,,,未来科技城区域优质商家，租房更省心,,,,
闲林,余杭闲林东海·闲湖城,5.161,--89.00㎡南北2室1厅1卫,/zufang/HZ2800654387910295552.html,3900,今天维护,整租·东海·闲湖城 2室1厅 南/北
,余杭未来科技城湖山帝景湾南苑,,--89.00㎡南3室2厅1卫,,,,整租·湖山帝景湾南苑 3室2厅 南
未来科技城,,,40.00-58.00㎡2间在租1室1厅1卫,/apartment/13716.html,2800-3000,25天前维护,独栋·泊寓 泊寓AI小镇社区 都市loft-秒杀 1室1厅
闲林,,,20.00㎡1间在租1室1厅1卫,/apartment/17959.html,1546,2天前维护,独栋·柚米国际社区 杭州西溪湿地店 特价小户型 1室1厅
,余杭未来科技城新湖果岭,,--88.00㎡南3室2厅1卫,,,,整租·新湖果岭 3室2厅 南
未来科技城,,,63.00㎡1间在租1室1厅1卫,/apartment/26260.html,6232,1天前维护,独栋·方隅公寓 杭州方隅公寓 杭师大旁网红公寓一居 1室1厅
闲林,余杭闲林爵士风情花园,4.459,--112.93㎡南北2室2厅2卫,/zufang/HZ2801294225109958656.html,3500,2天前维护,整租·爵士风情花园 2室2厅 南/北
,余杭未来科技城合景天峻,,--124.00㎡南北4室2厅2卫,,,,整租·合景天峻 4室2厅 南/北
未来科技城,,,31.00㎡1间在租1室0厅1卫,/apartment/23519.html,2480,1个月前维护,独栋·优家社区 杭州余杭区文一西路1500号科创中心7号楼 拎包入住 高颜值邻居 开间
闲林,余杭闲林闲林山水紫薇苑,5.25,精选--16.00㎡南4室1厅2卫,/zufang/HZ2739855348939890688.html,1190,6天前维护,合租·闲林山水紫薇苑 4居室 南卧
,余杭未来科技城湖山帝景湾,,--139.89㎡南北4室1厅2卫,,,,整租·湖山帝景湾 4室1厅 南/北
,余杭未来科技城新湖菲林山,,--90.00㎡南3室2厅1卫,,,,整租·新湖菲林山 3室2厅 南
,余杭未来科技城华夏四季,,--139.00㎡南北4室2厅3卫,,,,整租·华夏四季 4室2厅 南/北
未来科技城,余杭未来科技城富力西溪悦居,4.157,--139.00㎡南3室2厅2卫,/zufang/HZ2771611060505935872.html,8500,3天前维护,整租·富力西溪悦居 3室2厅 南
闲林,余杭闲林竹海水韵,4.235,--163.00㎡东南南3室2厅2卫,/zufang/HZ2802708495873884160.html,4500,2天前维护,整租·竹海水韵 3室2厅 东南/南
未来科技城,余杭未来科技城欧美金融城,1.901,--72.00㎡南2室1厅1卫,/zufang/HZ2771596689050705920.html,6800,2天前维护,整租·欧美金融城 2室1厅 南
,余杭闲林绿城桃源小镇,,--250.00㎡南5室2厅3卫,,,,整租·绿城桃源小镇 5室2厅 南
,余杭闲林佳兆业西溪璞园,,--89.00㎡南3室2厅1卫,,,,整租·佳兆业西溪璞园 3室2厅 南
,余杭闲林融创金成江南府,,--89.00㎡南3室2厅2卫,,,,整租·融创金成江南府 3室2厅 南
闲林,余杭闲林岸上蓝山,5.208,精选--20.00㎡南4室1厅2卫,/zufang/HZ2739885813470076928.html,1360,6天前维护,合租·岸上蓝山 4居室 南卧
未来科技城,,,30.00㎡2间在租1室0厅1卫,/apartment/36871.html,1500-1900,19天前维护,独栋·途步酒店式公寓 余勋工业园店 未来科技城精装公寓 开间
,余杭闲林岸上蓝山,,--141.06㎡南4室2厅2卫,,,,整租·岸上蓝山 4室2厅 南
闲林,余杭闲林岸上蓝山,5.208,精选--12.00㎡南5室1厅2卫,/zufang/HZ2739885581021749248.html,1060,6天前维护,合租·岸上蓝山 5居室 南卧
,余杭未来科技城复泰雅宸华庭,,--103.00㎡南北3室2厅2卫,,,,整租·复泰雅宸华庭 3室2厅 南/北
未来科技城,,,30.00㎡2间在租1室0厅1卫,/apartment/36871.html,1800-1900,19天前维护,独栋·途步酒店式公寓 余勋工业园店 科技城精品公寓 开间
,余杭闲林新西湖小镇,,--89.50㎡西南2室2厅1卫,,,,整租·新西湖小镇 2室2厅 西南
,余杭闲林南湖大厦,,--84.90㎡南2室0厅2卫,,,,整租·南湖大厦 2室0厅 南
,余杭闲林融创金成未来海,,--89.00㎡南3室2厅2卫,,,,整租·融创金成未来海 3室2厅 南
未来科技城,余杭未来科技城金地西溪风华,4.346,--151.26㎡南4室2厅3卫,/zufang/HZ2771787333320572928.html,9000,7天前维护,整租·金地西溪风华 4室2厅 南
,余杭闲林新西湖小镇,,--89.00㎡南2室2厅1卫,,,,整租·新西湖小镇 2室2厅 南
,余杭闲林新明半岛,,--271.40㎡南5室2厅3卫,,,,整租·新明半岛 5室2厅 南
,余杭闲林融创金成江南府,,--149.00㎡南4室2厅3卫,,,,整租·融创金成江南府 4室2厅 南
,余杭闲林中港罗兰小镇,,--89.57㎡南北3室2厅2卫,,,,整租·中港罗兰小镇 3室2厅 南/北
,余杭未来科技城华夏四季,,--139.14㎡南4室2厅2卫,,,,整租·华夏四季 4室2厅 南
,余杭未来科技城创客空间大厦,,--45.00㎡南2室1厅1卫,,,,整租·创客空间大厦 2室1厅 南
,余杭未来科技城华夏之心,,--126.00㎡南3室2厅2卫,,,,整租·华夏之心 3室2厅 南
闲林,余杭闲林闲林山水海棠苑,5.425,精选--15.00㎡南6室1厅4卫,/zufang/HZ2739862061294567424.html,1690,6天前维护,合租·闲林山水海棠苑 6居室 跃层 南卧
,余杭未来科技城新湖果岭,,--89.00㎡南2室2厅1卫,,,,整租·新湖果岭 2室2厅 南
,余杭未来科技城南湖明筑花苑,,--123.58㎡南北3室2厅2卫,,,,整租·南湖明筑花苑 3室2厅 南/北
,余杭未来科技城庭院深深,,--133.00㎡南3室2厅2卫,,,,整租·庭院深深 3室2厅 南
未来科技城,余杭未来科技城中南未来里,5.628,--35.00㎡西2室2厅2卫,/zufang/HZ2810978982114099200.html,3200,6天前维护,合租·中南未来里 2居室 西卧
,余杭闲林东海闲湖城印象加州,,--89.00㎡南3室2厅1卫,,,,整租·东海闲湖城印象加州 3室2厅 南
闲林,余杭闲林爵士风情花园,4.459,精选--10.00㎡北4室1厅2卫,/zufang/HZ2826087002728824832.html,990,1天前维护,合租·爵士风情花园 4居室 北卧
,余杭未来科技城金都西花庭,,--120.08㎡南3室2厅2卫,,,,整租·金都西花庭 3室2厅 南
未来科技城,,,65.00㎡3间在租1室1厅1卫,/apartment/27915.html,6132,1天前维护,独栋·FUNLIVE方隅 未来科技城服务式公寓 杭师阿里一室一厅整租 1室1厅
,余杭闲林融创金成未来海,,--138.00㎡南北4室2厅2卫,,,,整租·融创金成未来海 4室2厅 南/北
闲林,余杭闲林竹海水韵,4.235,精选--15.00㎡南5室1厅2卫,/zufang/HZ2738481847138000896.html,1230,6天前维护,合租·竹海水韵 5居室 南卧
,余杭未来科技城众安学君里,,--118.53㎡南北3室2厅2卫,,,,整租·众安学君里 3室2厅 南/北
未来科技城,,,43.00㎡1间在租1室0厅1卫,/apartment/27915.html,4020,1天前维护,独栋·FUNLIVE方隅 未来科技城服务式公寓 贝达高档一室整租 开间
,余杭闲林融创金成未来海,,--89.00㎡西3室2厅2卫,,,,整租·融创金成未来海 3室2厅 西
闲林,余杭闲林竹海水韵春风里,4.035,精选--15.60㎡东5室1厅2卫,/zufang/HZ2379881810596470784.html,1230,1天前维护,合租·竹海水韵春风里 5居室 东卧
,余杭未来科技城西城时代家园,,--92.00㎡南北2室2厅1卫,,,,整租·西城时代家园 2室2厅 南/北
未来科技城,,,65.00㎡4间在租1室1厅1卫,/apartment/27915.html,5364-5508,1天前维护,独栋·FUNLIVE方隅 未来科技城服务式公寓 阿里贝达一室一厅整租 1室1厅
闲林,余杭闲林绿城桃源小镇品霞苑,6.25,--124.44㎡南4室2厅2卫,/zufang/HZ2764527204045438976.html,2000,4天前维护,整租·绿城桃源小镇品霞苑 4室2厅 南
,余杭未来科技城阳光城未来悦MAX,,--125.81㎡南4室2厅2卫,,,,整租·阳光城未来悦MAX 4室2厅 南
未来科技城,,,43.00㎡5间在租1室0厅1卫,/apartment/27915.html,3924-4606,1天前维护,独栋·FUNLIVE方隅 未来科技城服务式公寓 阿里高档一室独卫独厨 开间
未来科技城,,,40.00-43.00㎡2间在租1室0厅1卫,/apartment/27915.html,4164,1天前维护,独栋·FUNLIVE方隅 未来科技城服务式公寓 高档整租一室独卫独厨 开间
闲林,,,45.00㎡3间在租1室1厅1卫,/apartment/38361.html,2560-2720,1天前维护,独栋·美好生活公寓 绿城闲林店 个性潮人一室一厅 1室1厅
未来科技城,,,60.00-65.00㎡4间在租1室1厅1卫,/apartment/27915.html,6132-6624,1天前维护,独栋·FUNLIVE方隅 未来科技城服务式公寓 阿里高档一室一厅 1室1厅
闲林,,,96.00㎡3间在租3室2厅2卫,/apartment/38361.html,3750-3910,今天维护,独栋·美好生活公寓 绿城闲林店 智能家居大三房两厅 3室2厅
未来科技城,余杭未来科技城富力十号一期,3.722,精选--54.00㎡北1室2厅1卫,/zufang/HZ2827267599841640448.html,4490,今天维护,整租·富力十号一期 1室2厅 北
,余杭闲林绿城桃源小镇,,--84.00㎡南3室2厅1卫,,,,整租·绿城桃源小镇 3室2厅 南
未来科技城,余杭未来科技城富力十号一期,3.722,精选--61.66㎡北1室1厅1卫,/zufang/HZ2796788985886941184.html,4490,今天维护,整租·富力十号一期 1室1厅 北
闲林,,,70.00-73.00㎡2间在租2室2厅1卫,/apartment/38361.html,3208-3508,今天维护,独栋·美好生活公寓 绿城闲林店 经典网红两居 2室2厅
未来科技城,,,63.00㎡2间在租1室1厅1卫,/apartment/26260.html,5316-5508,1天前维护,独栋·方隅公寓 杭州方隅公寓 应届生可月付朝南一居 1室1厅
,余杭闲林绿城桃源小镇品霞苑,,--124.44㎡东南4室2厅2卫,,,,整租·绿城桃源小镇品霞苑 4室2厅 东/南
闲林,,,70.00㎡2间在租2室2厅1卫,/apartment/38361.html,3208-3360,今天维护,独栋·美好生活公寓 绿城闲林店 米兰风情两居 2室2厅
,余杭未来科技城新湖菲林山,,--118.00㎡东南4室2厅2卫,,,,整租·新湖菲林山 4室2厅 东南
,余杭闲林绿城桃源小镇,,--288.00㎡南5室3厅3卫,,,,整租·绿城桃源小镇 5室3厅 南
闲林,,,45.00-48.00㎡3间在租1室1厅1卫,/apartment/38361.html,2575-2800,2天前维护,独栋·美好生活公寓 绿城闲林店 店长首推网红一居 1室1厅
未来科技城,,,63.00㎡1间在租1室1厅1卫,/apartment/26260.html,6424,1天前维护,独栋·方隅公寓 杭州方隅公寓 亲橙客栈对面朝南一居 1室1厅
,余杭闲林新明半岛,,--339.00㎡南5室1厅4卫,,,,整租·新明半岛 5室1厅 跃层 南
,余杭闲林绿城桃源小镇品霞苑,,--87.42㎡南西3室2厅1卫,,,,整租·绿城桃源小镇品霞苑 3室2厅 南/西
,余杭闲林绿城桃源小镇品霞苑,,--89.00㎡南3室1厅1卫,,,,整租·绿城桃源小镇品霞苑 3室1厅 南
,余杭闲林雅居乐国际花园,,--127.00㎡南4室2厅2卫,,,,整租·雅居乐国际花园 4室2厅 南
闲林,,,76.00㎡3间在租2室2厅1卫,/apartment/38361.html,3180-3450,2天前维护,独栋·美好生活公寓 绿城闲林店 亲昵室友两居室 2室2厅
,余杭未来科技城众安学君里,,--89.00㎡南3室2厅1卫,,,,整租·众安学君里 3室2厅 南
,余杭闲林绿城桃源小镇,,--265.00㎡南5室2厅3卫,,,,整租·绿城桃源小镇 5室2厅 跃层 南
,余杭闲林绿城桃源小镇,,--127.09㎡南4室2厅2卫,,,,整租·绿城桃源小镇 4室2厅 南
,余杭闲林华元玉榕庄,,--283.03㎡南6室2厅5卫,,,,整租·华元玉榕庄 6室2厅 南
,余杭闲林雅居乐国际花园,,--89.00㎡南3室1厅2卫,,,,整租·雅居乐国际花园 3室1厅 南
,余杭闲林东海·闲湖城,,--200.00㎡南4室2厅2卫,,,,整租·东海·闲湖城 4室2厅 南
未来科技城,余杭未来科技城西溪永乐城,1.865,--107.00㎡南4室2厅2卫,/zufang/HZ2779102759713521664.html,7000,1天前维护,整租·西溪永乐城 4室2厅 南
,余杭未来科技城合景映月台,,--120.00㎡南4室2厅2卫,,,,整租·合景映月台 4室2厅 南
,余杭闲林竹海水韵,,--89.64㎡东南3室2厅1卫,,,,整租·竹海水韵 3室2厅 东南
,余杭未来科技城复地上城,,--89.48㎡南3室2厅1卫,,,,整租·复地上城 3室2厅 南
,余杭未来科技城中南樾府,,--128.00㎡南4室2厅2卫,,,,整租·中南樾府 4室2厅 南
未来科技城,,,38.00㎡1间在租1室0厅1卫,/apartment/26260.html,4164,3天前维护,独栋·方隅公寓 杭州方隅公寓 可短租边套安静小一室 开间
,余杭闲林融创金成西溪海,,--137.60㎡南4室2厅2卫,,,,整租·融创金成西溪海 4室2厅 南
闲林,,,90.00㎡3间在租3室2厅2卫,/apartment/38361.html,3700-4200,今天维护,独栋·美好生活公寓 绿城闲林店 日系实木大三居 3室2厅
,余杭未来科技城西溪永乐城,,--49.95㎡北1室1厅1卫,,,,整租·西溪永乐城 1室1厅 北
未来科技城,,,43.00㎡4间在租1室0厅1卫,/apartment/26260.html,3924-4308,1天前维护,独栋·方隅公寓 杭州方隅公寓 全球阿里旁一室户型 开间
闲林,余杭闲林竹海水韵,4.235,--130.00㎡南北3室2厅2卫,/zufang/HZ2591833755274985472.html,2800,3天前维护,整租·竹海水韵 3室2厅 南/北
,余杭未来科技城融创金成英特学府,,--89.00㎡南3室2厅2卫,,,,整租·融创金成英特学府 3室2厅 南
,余杭未来科技城禹航路,,--89.00㎡南3室2厅1卫,,,,整租·禹航路 3室2厅 南
,余杭未来科技城锦绣时代中心,,--95.00㎡南北2室1厅1卫,,,,整租·锦绣时代中心 2室1厅 南/北
,余杭未来科技城青枫墅园,,--201.90㎡南5室2厅4卫,,,,整租·青枫墅园 5室2厅 南
未来科技城,余杭未来科技城新湖果岭,2.331,--323.00㎡南5室2厅4卫,/zufang/HZ2786968078812971008.html,7800,7天前维护,整租·新湖果岭 5室2厅 南
未来科技城,余杭未来科技城欧美金融城,1.901,精选--45.00㎡南1室1厅1卫,/zufang/HZ2808117287532904448.html,4600,2天前维护,整租·欧美金融城 1室1厅 南
,余杭闲林中港罗兰小镇,,--89.57㎡南3室2厅2卫,,,,整租·中港罗兰小镇 3室2厅 南
未来科技城,余杭未来科技城新湖果岭,2.331,--309.35㎡南北4室2厅3卫,/zufang/HZ2786250765042728960.html,8950,3天前维护,整租·新湖果岭 4室2厅 南/北
,余杭闲林南湖大厦,,--47.00㎡南1室1厅1卫,,,,整租·南湖大厦 1室1厅 南
,余杭闲林岸上蓝山,,--115.00㎡南3室2厅1卫,,,,整租·岸上蓝山 3室2厅 南
,余杭闲林润和西溪郡,,--86.80㎡南3室2厅1卫,,,,整租·润和西溪郡 3室2厅 南
闲林,余杭闲林融创金成西溪海,3.296,--309.86㎡南北5室2厅3卫,/zufang/HZ2804360012762726400.html,8000,3天前维护,整租·融创金成西溪海 5室2厅 南/北
,余杭未来科技城富力西溪悦墅,,--132.30㎡南4室2厅2卫,,,,整租·富力西溪悦墅 4室2厅 南
未来科技城,余杭未来科技城中南未来里,5.628,精选--52.00㎡东2室2厅2卫,/zufang/HZ2824733769138192384.html,3500,2天前维护,合租·中南未来里 2居室 东卧
,余杭闲林白云深处,,--287.00㎡南北6室2厅4卫,,,,整租·白云深处 6室2厅 南/北
,余杭闲林竹海水韵,,--122.70㎡南4室2厅2卫,,,,整租·竹海水韵 4室2厅 南
,余杭闲林赞成乐山红叶,,--89.00㎡东2室2厅1卫,,,,整租·赞成乐山红叶 2室2厅 东
,余杭闲林荆山翠谷,,--258.00㎡东5室3厅3卫,,,,整租·荆山翠谷 5室3厅 东
,余杭未来科技城瑞城熙园,,--175.66㎡南北4室1厅3卫,,,,整租·瑞城熙园 4室1厅 南/北
,余杭闲林盛世嘉园,,--66.99㎡北1室1厅2卫,,,,整租·盛世嘉园 1室1厅 北
,余杭闲林绿城桃源小镇,,--280.00㎡南北5室3厅4卫,,,,整租·绿城桃源小镇 5室3厅 南/北
,余杭闲林融创金成西溪海,,--308.43㎡南5室2厅4卫,,,,整租·融创金成西溪海 5室2厅 跃层 南
,余杭闲林佳兆业西溪璞园,,--124.45㎡南4室2厅2卫,,,,整租·佳兆业西溪璞园 4室2厅 南
,余杭未来科技城新湖果岭,,--330.15㎡南5室3厅4卫,,,,整租·新湖果岭 5室3厅 南
,余杭闲林融创金成江南府,,--89.00㎡南北3室2厅1卫,,,,整租·融创金成江南府 3室2厅 南/北
,余杭闲林融创金成西溪海,,--294.55㎡南5室2厅3卫,,,,整租·融创金成西溪海 5室2厅 南
,余杭闲林雅居乐国际花园,,--117.52㎡南3室2厅2卫,,,,整租·雅居乐国际花园 3室2厅 南
,余杭闲林绿城桃源小镇,,--90.06㎡南2室2厅1卫,,,,整租·绿城桃源小镇 2室2厅 南
,余杭闲林华元玉榕庄,,--296.00㎡南5室3厅5卫,,,,整租·华元玉榕庄 5室3厅 南
,余杭闲林赞成乐山红叶,,--128.09㎡南4室2厅2卫,,,,整租·赞成乐山红叶 4室2厅 南
,余杭闲林东海·闲湖城,,--91.00㎡东南3室2厅2卫,,,,整租·东海·闲湖城 3室2厅 东南
,余杭闲林融创金成未来海,,--127.00㎡南4室2厅2卫,,,,整租·融创金成未来海 4室2厅 南
,余杭闲林融创金成西溪海,,--131.76㎡南3室2厅2卫,,,,整租·融创金成西溪海 3室2厅 南
未来科技城,余杭未来科技城华夏之心,1.924,--60.00㎡西1室1厅1卫,/zufang/HZ2812208538456702976.html,5000,1天前维护,整租·华夏之心 1室1厅 西
,余杭闲林绿城桃花源,,--269.91㎡南5室2厅4卫,,,,整租·绿城桃花源 5室2厅 南
,余杭闲林绿城桃源小镇品霞苑,,--88.38㎡南3室2厅1卫,,,,整租·绿城桃源小镇品霞苑 3室2厅 南
,余杭闲林融创金成江南府,,--190.44㎡南北5室3厅3卫,,,,整租·融创金成江南府 5室3厅 南/北
,余杭闲林绿城桃源小镇品霞苑,,--124.00㎡东南4室2厅2卫,,,,整租·绿城桃源小镇品霞苑 4室2厅 东南
,余杭未来科技城南门公寓,,--15.00㎡北8室0厅8卫,,,,合租·南门公寓 8居室 北卧
闲林,余杭闲林东海·闲湖城,5.161,--190.00㎡南4室2厅3卫,/zufang/HZ2654879628304318464.html,5000,4天前维护,整租·东海·闲湖城 4室2厅 跃层 南
,余杭未来科技城复地上城,,--113.42㎡南北3室2厅2卫,,,,整租·复地上城 3室2厅 南/北
,余杭未来科技城欧美金融城,,--97.00㎡南3室2厅2卫,,,,整租·欧美金融城 3室2厅 南
,余杭未来科技城青枫墅园三期,,--89.00㎡南3室2厅1卫,,,,整租·青枫墅园三期 3室2厅 南
未来科技城,余杭未来科技城鼎创财富中心,2.282,--53.92㎡南2室1厅2卫,/zufang/HZ2824429731129065472.html,5200,4天前维护,整租·鼎创财富中心 2室1厅 南
闲林,余杭闲林东海·闲湖城,5.161,--185.00㎡南北3室2厅3卫,/zufang/HZ2654881219221143552.html,5000,1天前维护,整租·东海·闲湖城 3室2厅 南/北
,余杭未来科技城富力新线公园,,--115.05㎡南4室1厅2卫,,,,整租·富力新线公园 4室1厅 南
,余杭闲林竹海水韵,,--86.72㎡南2室2厅1卫,,,,整租·竹海水韵 2室2厅 南
,余杭闲林南湖大厦,,--44.00㎡南1室0厅1卫,,,,整租·南湖大厦 1室0厅 南
,余杭闲林中港罗兰小镇,,--99.00㎡南北4室1厅2卫,,,,整租·中港罗兰小镇 4室1厅 南/北
未来科技城,余杭未来科技城创客空间大厦,2.312,精选--45.00㎡西2室1厅1卫,/zufang/HZ2814492130095923200.html,4200,2天前维护,整租·创客空间大厦 2室1厅 LOFT 西
,余杭闲林竹海水韵,,--289.00㎡东南5室2厅4卫,,,,整租·竹海水韵 5室2厅 跃层 东南
,余杭闲林竹海水韵,,--139.00㎡南3室2厅2卫,,,,整租·竹海水韵 3室2厅 南
,余杭未来科技城杭州未来广场银天金城,,--40.00㎡北2室1厅1卫,,,,整租·杭州未来广场银天金城 2室1厅 北
,余杭未来科技城阳光城未来悦MAX,,--125.00㎡南3室2厅2卫,,,,整租·阳光城未来悦MAX 3室2厅 南
,余杭闲林融创金成江南府,,--148.00㎡南5室2厅3卫,,,,整租·融创金成江南府 5室2厅 跃层 南
,余杭闲林恒厚阳光城,,--127.00㎡南3室2厅2卫,,,,整租·恒厚阳光城 3室2厅 南
,余杭闲林荆山翠谷,,--270.89㎡南5室2厅3卫,,,,整租·荆山翠谷 5室2厅 南
,余杭未来科技城恒腾悦湖花苑,,--89.23㎡南3室2厅2卫,,,,整租·恒腾悦湖花苑 3室2厅 南
,余杭未来科技城碧景园,,--115.00㎡南3室2厅2卫,,,,整租·碧景园 3室2厅 南
,余杭闲林竹海水韵,,--257.09㎡南4室2厅4卫,,,,整租·竹海水韵 4室2厅 跃层 南
,余杭闲林绿城桃源小镇,,--89.00㎡南3室1厅1卫,,,,整租·绿城桃源小镇 3室1厅 南
,余杭未来科技城杭州未来广场银天金城,,--37.09㎡北1室1厅1卫,,,,整租·杭州未来广场银天金城 1室1厅 北
未来科技城,余杭未来科技城西溪蓝海,2.159,精选--21.00㎡南4室3厅4卫,/zufang/HZ2791769946210697216.html,1688,1个月前维护,合租·西溪蓝海 4居室 南卧
,余杭闲林赞成乐山红叶,,--240.05㎡南北4室3厅3卫,,,,整租·赞成乐山红叶 4室3厅 跃层 南/北
,余杭闲林东海·闲湖城,,--277.48㎡南5室2厅3卫,,,,整租·东海·闲湖城 5室2厅 南
,余杭未来科技城锦绣时代中心,,--90.00㎡东西2室2厅1卫,,,,整租·锦绣时代中心 2室2厅 东/西
未来科技城,余杭未来科技城欧美金融城,1.901,精选--29.00㎡南3室2厅3卫,/zufang/HZ2775119570779258880.html,3288,17天前维护,合租·欧美金融城 3居室 南卧
,余杭闲林怡景花城,,--138.00㎡南3室2厅2卫,,,,整租·怡景花城 3室2厅 南
,余杭闲林新西湖小镇,,--234.68㎡南5室2厅3卫,,,,整租·新西湖小镇 5室2厅 南
,余杭未来科技城南湖丽景,,--104.50㎡南北3室2厅1卫,,,,整租·南湖丽景 3室2厅 南/北
,余杭闲林十里风荷,,--105.00㎡南3室2厅2卫,,,,整租·十里风荷 3室2厅 南
,余杭闲林绿城桃源小镇,,--89.00㎡东东南3室2厅1卫,,,,整租·绿城桃源小镇 3室2厅 东/东南
,余杭闲林东海·闲湖城,,--286.00㎡南6室3厅4卫,,,,整租·东海·闲湖城 6室3厅 南
未来科技城,余杭未来科技城仓乐雅苑,3.227,精选--26.00㎡南3室3厅3卫,/zufang/HZ2724534723761414144.html,1680,1个月前维护,合租·仓乐雅苑 3居室 南卧
,余杭闲林白云深处,,--223.00㎡东南南5室3厅4卫,,,,整租·白云深处 5室3厅 跃层 东南/南
,余杭闲林融创金成未来海,,--95.00㎡南3室1厅2卫,,,,整租·融创金成未来海 3室1厅 南
,余杭闲林白云深处,,--235.75㎡南4室2厅3卫,,,,整租·白云深处 4室2厅 南
,余杭闲林绿城桃源小镇,,--86.00㎡南北2室2厅1卫,,,,整租·绿城桃源小镇 2室2厅 南/北
,余杭闲林十里风荷,,--139.00㎡南4室2厅3卫,,,,整租·十里风荷 4室2厅 南
,余杭闲林怡景花城,,--228.00㎡南5室3厅3卫,,,,整租·怡景花城 5室3厅 南
未来科技城,余杭未来科技城西溪蓝海,2.159,精选--18.00㎡东南4室2厅4卫,/zufang/HZ2594110463181078528.html,1788,25天前维护,合租·西溪蓝海 4居室 东南卧
,余杭闲林华元玉榕庄,,--392.79㎡南5室2厅4卫,,,,整租·华元玉榕庄 5室2厅 南
,余杭闲林绿城桃源小镇品霞苑,,--124.00㎡南北4室2厅2卫,,,,整租·绿城桃源小镇品霞苑 4室2厅 南/北
,余杭未来科技城众安学君里,,--118.20㎡西南2室1厅2卫,,,,整租·众安学君里 2室1厅 西南
,余杭闲林绿城桃源小镇,,--266.21㎡南5室1厅3卫,,,,整租·绿城桃源小镇 5室1厅 跃层 南
,余杭未来科技城奥克斯时代未来之城,,--132.00㎡南3室2厅2卫,,,,整租·奥克斯时代未来之城 3室2厅 南
,余杭未来科技城西溪蓝海,,--37.64㎡南2室1厅1卫,,,,整租·西溪蓝海 2室1厅 南
,余杭未来科技城瑞城温莎郡,,--86.00㎡南3室2厅1卫,,,,整租·瑞城温莎郡 3室2厅 南
,余杭闲林爵士风情花园,,--119.00㎡南3室2厅2卫,,,,整租·爵士风情花园 3室2厅 南
,余杭闲林绿城桃源小镇品霞苑,,--89.00㎡东南南3室2厅1卫,,,,整租·绿城桃源小镇品霞苑 3室2厅 东南/南
,余杭闲林南湖大厦,,--44.33㎡东北1室1厅1卫,,,,整租·南湖大厦 1室1厅 东北
,余杭闲林华元玉榕庄,,--297.00㎡南4室3厅4卫,,,,整租·华元玉榕庄 4室3厅 南
,余杭闲林悦青蓝,,--134.00㎡东南4室2厅2卫,,,,整租·悦青蓝 4室2厅 东南
,余杭闲林东海·闲湖城,,--200.00㎡南北4室2厅3卫,,,,整租·东海·闲湖城 4室2厅 南/北
,余杭未来科技城新湖菲林山,,--88.70㎡南3室1厅1卫,,,,整租·新湖菲林山 3室1厅 南
,余杭闲林怡景花城鸣翠苑,,--120.91㎡南3室1厅2卫,,,,整租·怡景花城鸣翠苑 3室1厅 南
,余杭闲林南湖大厦,,--44.33㎡东南1室1厅1卫,,,,整租·南湖大厦 1室1厅 东南
,余杭未来科技城保亿丽景山,,--89.00㎡南3室2厅1卫,,,,整租·保亿丽景山 3室2厅 南
,余杭闲林绿城桃源小镇品霞苑,,--124.38㎡西南4室2厅2卫,,,,整租·绿城桃源小镇品霞苑 4室2厅 西南
,余杭未来科技城融创金成英特学府,,--15.00㎡南2室1厅1卫,,,,合租·融创金成英特学府 2居室 南卧
未来科技城,余杭未来科技城华夏之心,1.924,--139.00㎡南北4室2厅2卫,/zufang/HZ2787679147860959232.html,13000,今天维护,整租·华夏之心 4室2厅 南/北
,余杭未来科技城欧美金融城,,--98.49㎡南3室1厅2卫,,,,整租·欧美金融城 3室1厅 南
,余杭闲林新南湖绿苑,,--148.00㎡南3室2厅2卫,,,,整租·新南湖绿苑 3室2厅 南
,余杭闲林爵士风情花园,,--109.00㎡南北3室2厅2卫,,,,整租·爵士风情花园 3室2厅 南/北
闲林,余杭闲林绿城桃源小镇,5.954,--139.00㎡南北4室2厅2卫,/zufang/HZ2654418673271308288.html,2000,4天前维护,整租·绿城桃源小镇 4室2厅 南/北
,余杭未来科技城庭院深深,,--101.35㎡南2室2厅1卫,,,,整租·庭院深深 2室2厅 南
,余杭闲林绿城桃源小镇,,--85.00㎡南北3室2厅2卫,,,,整租·绿城桃源小镇 3室2厅 南/北
,余杭闲林雅居乐国际花园,,--81.01㎡南2室2厅1卫,,,,整租·雅居乐国际花园 2室2厅 南
,余杭闲林雅居乐国际花园,,--89.00㎡南北3室2厅2卫,,,,整租·雅居乐国际花园 3室2厅 南/北
,余杭闲林绿城桃源小镇品霞苑,,--124.77㎡东4室2厅2卫,,,,整租·绿城桃源小镇品霞苑 4室2厅 东
未来科技城,,,45.00-60.00㎡3间在租2室1厅1卫,/apartment/25977.html,4500-4888,5天前维护,独栋·窝酷公寓 欧美金融城店 LOFT 2室1厅
,余杭未来科技城富力西溪悦居,,--193.77㎡西南4室2厅3卫,,,,整租·富力西溪悦居 4室2厅 西南
未来科技城,余杭未来科技城欧美金融城,1.901,精选--45.00㎡北1室1厅1卫,/zufang/HZ2821833699619258368.html,4000,今天维护,整租·欧美金融城 1室1厅 LOFT 北
,余杭闲林竹海水韵,,--87.47㎡东南西3室2厅1卫,,,,整租·竹海水韵 3室2厅 东南/西
,余杭闲林雅居乐国际花园,,--12.00㎡南1室1厅1卫,,,,合租·雅居乐国际花园 1居室 南卧
,余杭闲林新明半岛,,--126.50㎡南3室2厅2卫,,,,整租·新明半岛 3室2厅 南
,余杭闲林中港罗兰小镇,,--70.00㎡北2室1厅1卫,,,,整租·中港罗兰小镇 2室1厅 北
闲林,余杭闲林爵士风情花园,4.459,--194.34㎡南西北8室2厅3卫,/zufang/HZ2818757690002505728.html,4600,2天前维护,整租·爵士风情花园 8室2厅 跃层 南/西北
,余杭闲林新西湖小镇,,--136.00㎡东南4室2厅2卫,,,,整租·新西湖小镇 4室2厅 东南
,余杭闲林东海·闲湖城,,--131.36㎡南3室2厅2卫,,,,整租·东海·闲湖城 3室2厅 南
,余杭闲林中港罗兰小镇,,--11.50㎡南北5室1厅2卫,,,,合租·中港罗兰小镇 5居室 南/北卧
,余杭闲林闲林山水紫薇苑,,--86.00㎡南3室2厅1卫,,,,整租·闲林山水紫薇苑 3室2厅 南
,余杭闲林竹海水韵,,--89.00㎡南3室1厅1卫,,,,整租·竹海水韵 3室1厅 南
,余杭闲林金岸提香,,--30.00㎡北5室1厅1卫,,,,合租·金岸提香 5居室 北卧
,余杭闲林爵士风情花园,,--192.57㎡东南6室2厅4卫,,,,整租·爵士风情花园 6室2厅 跃层 东南
未来科技城,,,30.00㎡1间在租2室1厅1卫,/apartment/37828.html,2890,8天前维护,独栋·初九公寓 初九公寓it公园店 西溪蓝海 双人间 2室1厅
,余杭未来科技城福田花园,,--115.00㎡南3室2厅1卫,,,,整租·福田花园 3室2厅 南
未来科技城,余杭未来科技城欧美金融城,1.901,--130.00㎡南4室2厅2卫,/zufang/HZ2826100232738045952.html,8000,1天前维护,整租·欧美金融城 4室2厅 南
,余杭未来科技城融创金成英特学府,,--89.00㎡南北3室2厅2卫,,,,整租·融创金成英特学府 3室2厅 南/北
未来科技城,余杭未来科技城杭州未来广场银天金城,2.977,精选--50.00㎡南1室1厅1卫,/zufang/HZ2532104550723092480.html,3700,16天前维护,整租·杭州未来广场银天金城 1室1厅 南
,余杭未来科技城荆余路189号,,--130.00㎡南3室2厅2卫,,,,整租·荆余路189号 3室2厅 南
未来科技城,余杭未来科技城杭州未来广场银天金城,2.977,精选--40.00㎡北1室0厅1卫,/zufang/HZ2672948903753547776.html,3300,1天前维护,整租·杭州未来广场银天金城 1室0厅 北
,余杭未来科技城金沙公寓,,--125.00㎡南北2室1厅2卫,,,,整租·金沙公寓 2室1厅 南/北
,余杭未来科技城山西园,,--78.00㎡东南南西南3室1厅1卫,,,,整租·山西园 3室1厅 东南/南/西南
,余杭未来科技城豪波西溪润景,,--74.00㎡南1室1厅1卫,,,,整租·豪波西溪润景 1室1厅 南
,余杭未来科技城西溪永乐城,,--89.00㎡南3室2厅1卫,,,,整租·西溪永乐城 3室2厅 南
,余杭未来科技城欧美金融城,,--38.28㎡西北2室2厅1卫,,,,整租·欧美金融城 2室2厅 西北
,余杭未来科技城鼎创财富中心,,--50.00㎡南2室2厅2卫,,,,整租·鼎创财富中心 2室2厅 南
,余杭闲林西溪庭院,,--168.00㎡西南5室2厅2卫,,,,整租·西溪庭院 5室2厅 西南
,余杭未来科技城景瑞御蓝湾,,--89.00㎡南北3室2厅1卫,,,,整租·景瑞御蓝湾 3室2厅 南/北
,余杭闲林南湖大厦,,--47.77㎡东南南1室1厅1卫,,,,整租·南湖大厦 1室1厅 东南/南
,余杭未来科技城华夏之心,,--61.87㎡南1室1厅1卫,,,,整租·华夏之心 1室1厅 南
闲林,余杭闲林新明半岛,5.023,--145.69㎡东南3室2厅2卫,/zufang/HZ2606285480441937920.html,3999,3天前维护,整租·新明半岛 3室2厅 东南
未来科技城,余杭未来科技城五迪中心,2.621,精选--37.50㎡北1室1厅1卫,/zufang/HZ2753687053182181376.html,3800,7天前维护,整租·五迪中心 1室1厅 LOFT 北
,余杭闲林东海闲湖城印象加州,,--89.00㎡南北3室2厅2卫,,,,整租·东海闲湖城印象加州 3室2厅 南/北
闲林,余杭闲林融创金成未来海,3.296,--89.00㎡南北3室1厅2卫,/zufang/HZ2600682947170811904.html,2500,3天前维护,整租·融创金成未来海 3室1厅 南/北
,余杭未来科技城远东紫宸花园,,--67.00㎡东南南1室2厅1卫,,,,整租·远东紫宸花园 1室2厅 东南/南
未来科技城,余杭未来科技城五迪中心,2.621,精选--41.00㎡西2室1厅1卫,/zufang/HZ2756505827082256384.html,4000,25天前维护,整租·五迪中心 2室1厅 LOFT 西
闲林,余杭闲林佳兆业西溪璞园,6.449,--124.34㎡南北4室2厅2卫,/zufang/HZ2751590538473119744.html,4900,1天前维护,整租·佳兆业西溪璞园 4室2厅 南/北
,余杭未来科技城东原印未来,,--126.00㎡南4室2厅2卫,,,,整租·东原印未来 4室2厅 南
未来科技城,余杭未来科技城欧美金融城,1.901,精选--59.70㎡南2室1厅1卫,/zufang/HZ2570291664950132736.html,4500,25天前维护,整租·欧美金融城 2室1厅 LOFT 南
,余杭闲林中港罗兰小镇,,--99.00㎡东4室2厅2卫,,,,整租·中港罗兰小镇 4室2厅 东
,余杭未来科技城飞鸟客,,--38.03㎡南1室0厅1卫,,,,整租·飞鸟客 1室0厅 南
未来科技城,余杭未来科技城西溪永乐城,1.865,精选--60.00㎡南1室1厅1卫,/zufang/HZ2587520808238710784.html,3800,4天前维护,整租·西溪永乐城 1室1厅 LOFT 南
,余杭闲林荆山翠谷,,--150.00㎡南3室2厅2卫,,,,整租·荆山翠谷 3室2厅 南
未来科技城,,,90.00㎡3间在租3室2厅1卫,/apartment/35736.html,7200-10500,3天前维护,独栋·梦享屋 贝达梦工场店 270度全景落地窗 3室2厅
,余杭未来科技城鼎创财富中心,,--53.00㎡南西2室1厅2卫,,,,整租·鼎创财富中心 2室1厅 南/西
未来科技城,,,60.00㎡1间在租2室2厅1卫,/apartment/35736.html,6000,3天前维护,独栋·梦享屋 贝达梦工场店 loft两室带门 2室2厅
,余杭闲林东海·闲湖城,,--277.00㎡南6室2厅2卫,,,,整租·东海·闲湖城 6室2厅 南
,余杭未来科技城新湖菲林山,,--275.00㎡南北5室2厅3卫,,,,整租·新湖菲林山 5室2厅 南/北
,余杭未来科技城景瑞御蓝湾,,--30.00㎡南3室2厅1卫,,,,合租·景瑞御蓝湾 3居室 南卧
,余杭未来科技城万通时尚公馆,,--50.00㎡南1室1厅1卫,,,,整租·万通时尚公馆 1室1厅 南
,余杭未来科技城新湖菲林山,,--115.00㎡东南3室2厅2卫,,,,整租·新湖菲林山 3室2厅 东南
,余杭未来科技城西溪蓝海,,--38.00㎡西1室1厅1卫,,,,整租·西溪蓝海 1室1厅 LOFT 西
未来科技城,,,60.00㎡3间在租2室2厅1卫,/apartment/35736.html,4700,3天前维护,独栋·梦享屋 贝达梦工场店 朝南loft落地窗 2室2厅
,余杭闲林竹海水韵,,--234.08㎡南北4室1厅3卫,,,,整租·竹海水韵 4室1厅 跃层 南/北
未来科技城,余杭未来科技城青枫墅园二期-鹭语阁排屋,1.705,--145.00㎡东南西北4室2厅3卫,/zufang/HZ2731906423302144000.html,6000,1天前维护,整租·青枫墅园二期-鹭语阁排屋 4室2厅 东南/西北
,余杭闲林赞成乐山红叶,,--239.60㎡南北5室3厅4卫,,,,整租·赞成乐山红叶 5室3厅 南/北
未来科技城,,,28.00㎡4间在租1室1厅1卫,/apartment/1581.html,2788-2988,12天前维护,独栋·泊寓 海港城社区店 丨咫尺阿里丨朝南跃层 1室1厅
,余杭闲林佳兆业西溪璞园,,--126.03㎡东4室2厅2卫,,,,整租·佳兆业西溪璞园 4室2厅 东
,余杭闲林爵士风情花园,,--108.00㎡东3室2厅2卫,,,,整租·爵士风情花园 3室2厅 东
,余杭闲林怡景花城鸣翠苑,,--151.00㎡南4室2厅2卫,,,,整租·怡景花城鸣翠苑 4室2厅 南
,余杭未来科技城杉杉恒和依山郡,,--89.00㎡南2室1厅1卫,,,,整租·杉杉恒和依山郡 2室1厅 南
,余杭未来科技城瑞城熙园,,--190.00㎡南5室2厅3卫,,,,整租·瑞城熙园 5室2厅 南
,余杭闲林雅居乐国际花园,,--89.00㎡南3室3厅1卫,,,,整租·雅居乐国际花园 3室3厅 南
,余杭闲林绿城桃源小镇,,--83.48㎡南2室1厅1卫,,,,整租·绿城桃源小镇 2室1厅 南
,余杭未来科技城新湖菲林山,,--229.00㎡南4室2厅3卫,,,,整租·新湖菲林山 4室2厅 南
,余杭闲林新明半岛,,--161.06㎡南北4室2厅3卫,,,,整租·新明半岛 4室2厅 南/北
未来科技城,,,55.00㎡1间在租1室0厅1卫,/apartment/30081.html,4200,5天前维护,独栋·驿客公寓 未来Park店 D 开间
,余杭闲林盛世嘉园,,--95.00㎡南3室2厅2卫,,,,整租·盛世嘉园 3室2厅 南
,余杭闲林新明半岛,,--57.00㎡南1室1厅1卫,,,,整租·新明半岛 1室1厅 南
未来科技城,,,37.00㎡1间在租1室0厅1卫,/apartment/39950.html,3350,3天前维护,独栋·驿客公寓 未来广场店 一室平层37 开间
,余杭闲林盛世嘉园,,--87.00㎡南2室2厅1卫,,,,整租·盛世嘉园 2室2厅 南
,余杭闲林竹海水韵,,--271.93㎡南5室2厅3卫,,,,整租·竹海水韵 5室2厅 跃层 南
未来科技城,,,80.00㎡1间在租3室2厅2卫,/apartment/40985.html,7000,5天前维护,独栋·驿客公寓 未来悦店 E户型 3室2厅
未来科技城,,,45.00㎡1间在租1室1厅1卫,/apartment/40985.html,4100,5天前维护,独栋·驿客公寓 未来悦店 B户型 1室1厅
,余杭闲林盛世嘉园,,--90.00㎡南3室2厅2卫,,,,整租·盛世嘉园 3室2厅 跃层 南
未来科技城,,,45.00㎡1间在租1室1厅1卫,/apartment/30081.html,3700,5天前维护,独栋·驿客公寓 未来Park店 21 1室1厅
闲林,余杭闲林闲林山水紫薇苑,5.25,--76.00㎡南北2室2厅1卫,/zufang/HZ2763036057334456320.html,2800,5天前维护,整租·闲林山水紫薇苑 2室2厅 南/北
未来科技城,余杭未来科技城万通时尚公馆,1.739,--45.00㎡东1室1厅1卫,/zufang/HZ2678297685198372864.html,3880,26天前维护,整租·万通时尚公馆 1室1厅 LOFT 东
,余杭闲林荆山翠谷,,--128.00㎡西3室2厅2卫,,,,整租·荆山翠谷 3室2厅 西
闲林,余杭闲林绿城桃源小镇,5.954,--160.00㎡西南3室2厅4卫,/zufang/HZ2657007844578304000.html,3600,7天前维护,整租·绿城桃源小镇 3室2厅 西南
未来科技城,余杭未来科技城浙富西溪堂,0.693,--58.00㎡北1室1厅1卫,/zufang/HZ2776735271658995712.html,3880,4天前维护,整租·浙富西溪堂 1室1厅 北
,余杭闲林悦青蓝,,--89.00㎡南3室2厅2卫,,,,整租·悦青蓝 3室2厅 南
,余杭闲林恒厚阳光城,,--126.00㎡南4室2厅2卫,,,,整租·恒厚阳光城 4室2厅 南
,余杭闲林融创金成未来海,,--95.00㎡南北3室2厅2卫,,,,整租·融创金成未来海 3室2厅 南/北
未来科技城,,,30.00㎡2间在租1室0厅1卫,/apartment/36871.html,2000-2200,19天前维护,独栋·途步酒店式公寓 余勋工业园店 人工智能小镇旁 开间
,余杭未来科技城华夏四季,,--128.27㎡南4室1厅2卫,,,,整租·华夏四季 4室1厅 南
,余杭未来科技城佳源未来府,,--89.00㎡南4室2厅2卫,,,,整租·佳源未来府 4室2厅 南
,余杭未来科技城合景叠彩园,,--87.93㎡南3室1厅2卫,,,,整租·合景叠彩园 3室1厅 南
闲林,余杭闲林怡景花城,5.795,--214.00㎡南北4室2厅3卫,/zufang/HZ2764366965341691904.html,15000,2天前维护,整租·怡景花城 4室2厅 南/北
,余杭未来科技城万通时尚公馆,,--89.00㎡南3室2厅1卫,,,,整租·万通时尚公馆 3室2厅 南
,余杭闲林新明半岛,,--153.00㎡南4室2厅2卫,,,,整租·新明半岛 4室2厅 南
,余杭未来科技城西溪蓝海,,--63.00㎡东南1室1厅1卫,,,,整租·西溪蓝海 1室1厅 东南
,余杭闲林杭州宏丰家居城宏丰公寓,,--80.00㎡南2室2厅1卫,,,,整租·杭州宏丰家居城宏丰公寓 2室2厅 南
,余杭闲林赞成乐山红叶,,--92.00㎡南3室2厅2卫,,,,整租·赞成乐山红叶 3室2厅 南
,余杭未来科技城方汇花苑,,--140.00㎡南3室2厅2卫,,,,整租·方汇花苑 3室2厅 南
,余杭闲林绿城桃源小镇,,--144.23㎡南4室2厅2卫,,,,整租·绿城桃源小镇 4室2厅 跃层 南
,余杭未来科技城泊悦府,,--89.00㎡南3室2厅1卫,,,,整租·泊悦府 3室2厅 南
,余杭未来科技城西房余杭公馆,,--89.00㎡南3室2厅2卫,,,,整租·西房余杭公馆 3室2厅 南
,余杭闲林绿城桃源小镇品霞苑,,--88.00㎡东3室2厅1卫,,,,整租·绿城桃源小镇品霞苑 3室2厅 东
,余杭闲林雅居乐国际花园,,--137.74㎡南北4室2厅2卫,,,,整租·雅居乐国际花园 4室2厅 南/北
,余杭闲林怡景花城流霞苑,,--174.59㎡南5室3厅3卫,,,,整租·怡景花城流霞苑 5室3厅 南
,余杭未来科技城新桥路29号,,--71.00㎡南2室1厅1卫,,,,整租·新桥路29号 2室1厅 南
,余杭未来科技城万通时尚公馆,,--89.00㎡东南南北3室1厅1卫,,,,整租·万通时尚公馆 3室1厅 东南/南/北
,余杭未来科技城飞鸟客,,--36.91㎡北1室0厅1卫,,,,整租·飞鸟客 1室0厅 北
,余杭未来科技城西溪蓝海,,--57.00㎡东南2室1厅1卫,,,,整租·西溪蓝海 2室1厅 东/南
,余杭闲林新明半岛,,--160.00㎡南4室2厅2卫,,,,整租·新明半岛 4室2厅 错层 南
,余杭未来科技城庭院深深,,--89.00㎡南2室1厅1卫,,,,整租·庭院深深 2室1厅 南
,余杭未来科技城西溪八方城,,--53.00㎡南2室1厅2卫,,,,整租·西溪八方城 2室1厅 南
,余杭闲林金岸提香,,--241.00㎡南5室2厅4卫,,,,整租·金岸提香 5室2厅 南
,余杭闲林岸上蓝山,,--115.00㎡东南南西南3室1厅1卫,,,,整租·岸上蓝山 3室1厅 东南/南/西南
,余杭闲林新明半岛,,--261.66㎡南5室3厅3卫,,,,整租·新明半岛 5室3厅 南
,余杭闲林绿城桃源小镇品霞苑,,--124.00㎡南4室1厅2卫,,,,整租·绿城桃源小镇品霞苑 4室1厅 南
,余杭未来科技城飞鸟客,,--45.18㎡西北3室2厅2卫,,,,整租·飞鸟客 3室2厅 西北
,余杭未来科技城富力西溪悦居溪区,,--192.00㎡西南4室2厅2卫,,,,整租·富力西溪悦居溪区 4室2厅 西南
,余杭未来科技城大华海派风范,,--89.31㎡东南4室2厅2卫,,,,整租·大华海派风范 4室2厅 东南
,余杭未来科技城合景映月台,,--120.27㎡南北4室2厅2卫,,,,整租·合景映月台 4室2厅 南/北
,余杭未来科技城创客空间大厦,,--99.22㎡南北4室2厅2卫,,,,整租·创客空间大厦 4室2厅 南/北
,余杭闲林赞成乐山红叶,,--88.34㎡南3室1厅1卫,,,,整租·赞成乐山红叶 3室1厅 南
,余杭未来科技城新湖果岭,,--138.00㎡南北4室2厅2卫,,,,整租·新湖果岭 4室2厅 复式 南/北
,余杭未来科技城欧美金融城,,--46.56㎡北2室1厅1卫,,,,整租·欧美金融城 2室1厅 北
未来科技城,余杭未来科技城欧美金融城,1.901,--98.49㎡南北4室2厅2卫,/zufang/HZ2753632743488765952.html,8300,1天前维护,整租·欧美金融城 4室2厅 南/北
,余杭闲林新明半岛,,--89.27㎡南2室2厅1卫,,,,整租·新明半岛 2室2厅 南
,余杭闲林新明半岛,,--143.00㎡东南北3室2厅2卫,,,,整租·新明半岛 3室2厅 东/南/北
,余杭未来科技城西溪八方城,,--52.08㎡北2室1厅2卫,,,,整租·西溪八方城 2室1厅 跃层 北
未来科技城,余杭未来科技城富力西溪悦墅,4.166,--140.00㎡南北4室2厅3卫,/zufang/HZ2755609452039110656.html,12800,1天前维护,整租·富力西溪悦墅 4室2厅 南/北
,余杭闲林南湖大厦,,--53.82㎡北1室0厅1卫,,,,整租·南湖大厦 1室0厅 北
,余杭闲林新西湖小镇,,--118.00㎡南3室2厅2卫,,,,整租·新西湖小镇 3室2厅 南
,余杭闲林绿城桃源小镇品霞苑,,--89.00㎡南2室1厅1卫,,,,整租·绿城桃源小镇品霞苑 2室1厅 南
未来科技城,余杭未来科技城复泰雅宸华庭,3.227,--103.00㎡南3室2厅2卫,/zufang/HZ2755108209064165376.html,2200,1天前维护,整租·复泰雅宸华庭 3室2厅 南
,余杭未来科技城中南樾府,,--89.00㎡南3室2厅2卫,,,,整租·中南樾府 3室2厅 南
未来科技城,余杭未来科技城中新大厦,2.345,--86.75㎡西1室1厅1卫,/zufang/HZ2616610819990880256.html,6800,5天前维护,整租·中新大厦 1室1厅 西
,余杭闲林东海闲湖城印象加州,,--118.00㎡东南3室2厅2卫,,,,整租·东海闲湖城印象加州 3室2厅 东/南
,余杭闲林江南新港公寓,,--72.20㎡南北2室2厅1卫,,,,整租·江南新港公寓 2室2厅 南/北
,余杭闲林绿城桃源小镇品霞苑,,--89.00㎡南北3室2厅1卫,,,,整租·绿城桃源小镇品霞苑 3室2厅 南/北
,余杭未来科技城富力天贸广场,,--128.92㎡南2室1厅0卫,,,,整租·富力天贸广场 2室1厅 南
,余杭闲林南湖大厦,,--44.05㎡南2室1厅1卫,,,,整租·南湖大厦 2室1厅 南
,余杭闲林融创金成江南府,,--146.18㎡南4室1厅1卫,,,,整租·融创金成江南府 4室1厅 南
,余杭闲林东海·闲湖城,,--200.90㎡南5室3厅3卫,,,,整租·东海·闲湖城 5室3厅 南
,余杭闲林新西湖小镇,,--130.00㎡西南3室2厅2卫,,,,整租·新西湖小镇 3室2厅 西南
,余杭未来科技城中南樾府,,--126.61㎡南北4室2厅2卫,,,,整租·中南樾府 4室2厅 南/北
闲林,余杭闲林白云深处,3.453,--240.00㎡南北5室2厅5卫,/zufang/HZ2752044727959560192.html,6500,3天前维护,整租·白云深处 5室2厅 南/北
,余杭未来科技城宝林西路,,--77.00㎡南2室2厅1卫,,,,整租·宝林西路 2室2厅 南
,余杭闲林绿城桃花源,,--78.00㎡南2室2厅1卫,,,,整租·绿城桃花源 2室2厅 南
,余杭未来科技城五迪中心,,--37.50㎡北2室1厅1卫,,,,整租·五迪中心 2室1厅 北
,余杭未来科技城华夏四季,,--139.00㎡东北4室2厅3卫,,,,整租·华夏四季 4室2厅 东北
,余杭未来科技城西溪八方城,,--53.00㎡南2室2厅2卫,,,,整租·西溪八方城 2室2厅 南
,余杭未来科技城万通时尚公馆,,--45.16㎡西1室1厅1卫,,,,整租·万通时尚公馆 1室1厅 西
,余杭未来科技城万科溪望,,--112.00㎡南西3室2厅2卫,,,,整租·万科溪望 3室2厅 南/西
未来科技城,余杭未来科技城鼎创财富中心,2.282,--53.00㎡东2室2厅2卫,/zufang/HZ2816536769594933248.html,5200,3天前维护,整租·鼎创财富中心 2室2厅 东
,余杭闲林新西湖小镇,,--123.00㎡南3室2厅2卫,,,,新西湖小镇 3室2厅 南
,余杭未来科技城西溪蓝海,,--89.00㎡南3室2厅2卫,,,,整租·西溪蓝海 3室2厅 南
,余杭未来科技城西溪蓝海,,--47.00㎡东南2室1厅1卫,,,,整租·西溪蓝海 2室1厅 东南
,余杭未来科技城瑞城温莎郡,,--240.00㎡南5室2厅3卫,,,,整租·瑞城温莎郡 5室2厅 南
,余杭未来科技城万科星空,,--7500.00㎡南3室2厅2卫,,,,万科星空 3室2厅 南
,余杭未来科技城瑞城熙园,,--190.00㎡南5室4厅3卫,,,,整租·瑞城熙园 5室4厅 南
,余杭未来科技城锦绣时代中心,,--85.00㎡南2室1厅1卫,,,,整租·锦绣时代中心 2室1厅 南
,余杭未来科技城金汇公寓,,--62.20㎡南北2室2厅1卫,,,,整租·金汇公寓 2室2厅 南/北
,余杭未来科技城融创金成英特学府,,--30.00㎡南4室2厅3卫,,,,合租·融创金成英特学府 4居室 南卧
,余杭未来科技城欧美金融城,,--45.00㎡东2室1厅1卫,,,,整租·欧美金融城 2室1厅 东
,余杭未来科技城创客空间大厦,,--42.00㎡北2室1厅1卫,,,,整租·创客空间大厦 2室1厅 LOFT 北
,余杭未来科技城景瑞御蓝湾,,--84.14㎡南2室2厅1卫,,,,整租·景瑞御蓝湾 2室2厅 南
,余杭未来科技城南湖明筑花苑,,--89.72㎡南2室2厅1卫,,,,整租·南湖明筑花苑 2室2厅 南
未来科技城,余杭未来科技城新湖菲林山,3.227,--125.00㎡南北4室2厅2卫,/zufang/HZ2816867232993787904.html,2800,7天前维护,整租·新湖菲林山 4室2厅 南/北
,余杭未来科技城西园凤都苑,,--145.00㎡南4室2厅2卫,,,,整租·西园凤都苑 4室2厅 南
,余杭闲林中港罗兰小镇,,--114.00㎡南北4室2厅2卫,,,,整租·中港罗兰小镇 4室2厅 南/北
闲林,余杭闲林竹海水韵春风里,4.035,--110.00㎡南北3室2厅2卫,/zufang/HZ2802713040049405952.html,4300,2天前维护,整租·竹海水韵春风里 3室2厅 南/北
未来科技城,余杭未来科技城金地西溪风华,4.346,--151.34㎡南3室2厅2卫,/zufang/HZ2815112045014827008.html,13000,4天前维护,整租·金地西溪风华 3室2厅 南
,余杭闲林岸上蓝山,,--173.00㎡南5室2厅3卫,,,,整租·岸上蓝山 5室2厅 南
,余杭未来科技城湖山帝景湾南苑,,--105.00㎡南北3室2厅2卫,,,,整租·湖山帝景湾南苑 3室2厅 南/北
,余杭未来科技城保亿丽景山,,--256.00㎡西5室2厅4卫,,,,整租·保亿丽景山 5室2厅 跃层 西
闲林,余杭闲林闲林山水紫薇苑,5.25,--89.00㎡南北3室2厅1卫,/zufang/HZ2805880934895984640.html,3980,1天前维护,整租·闲林山水紫薇苑 3室2厅 南/北
,余杭未来科技城瑞城温莎郡,,--244.00㎡东南5室2厅3卫,,,,整租·瑞城温莎郡 5室2厅 东/南
,余杭未来科技城保亿丽景山,,--256.00㎡东南5室2厅4卫,,,,整租·保亿丽景山 5室2厅 东南
,余杭未来科技城万科星空,,--89.00㎡南3室2厅2卫,,,,整租·万科星空 3室2厅 南
,余杭未来科技城碧景园,,--100.00㎡南3室1厅1卫,,,,整租·碧景园 3室1厅 南
未来科技城,余杭未来科技城中新大厦,2.345,--87.00㎡东西1室1厅1卫,/zufang/HZ2763060502291546112.html,6500,4天前维护,整租·中新大厦 1室1厅 东/西
,余杭闲林爵士风情花园,,--84.43㎡南3室1厅1卫,,,,整租·爵士风情花园 3室1厅 南
闲林,余杭闲林竹海水韵,4.235,--86.68㎡东3室2厅1卫,/zufang/HZ2709472248053366784.html,2800,6天前维护,整租·竹海水韵 3室2厅 东
,余杭未来科技城理想西溪金座,,--54.00㎡北2室1厅2卫,,,,整租·理想西溪金座 2室1厅 北
,余杭未来科技城理想西溪金座,,--54.27㎡北2室2厅0卫,,,,整租·理想西溪金座 2室2厅 跃层 北
,余杭未来科技城融创金成英特学府,,--89.00㎡南4室2厅1卫,,,,整租·融创金成英特学府 4室2厅 南
,余杭闲林海伦堡棠锦,,--89.00㎡南北3室2厅2卫,,,,整租·海伦堡棠锦 3室2厅 南/北
闲林,余杭闲林中港罗兰小镇,7.502,--109.07㎡南3室1厅2卫,/zufang/HZ2723694253715750912.html,1800,3天前维护,整租·中港罗兰小镇 3室1厅 南
,余杭未来科技城兴隆小区,,--119.00㎡南3室1厅1卫,,,,整租·兴隆小区 3室1厅 南
,余杭未来科技城青枫墅园,,--137.39㎡南4室2厅1卫,,,,整租·青枫墅园 4室2厅 南
,余杭闲林杭州宏丰家居城宏丰公寓,,--58.30㎡北2室1厅1卫,,,,整租·杭州宏丰家居城宏丰公寓 2室1厅 北
闲林,余杭闲林华元玉榕庄,3.085,--295.00㎡南北5室2厅4卫,/zufang/HZ2733178523107213312.html,4000,4天前维护,整租·华元玉榕庄 5室2厅 跃层 南/北
,余杭未来科技城瑞城温莎郡,,--219.00㎡南5室2厅3卫,,,,整租·瑞城温莎郡 5室2厅 跃层 南
,余杭未来科技城湖山帝景湾,,--89.00㎡东南南西南3室2厅1卫,,,,整租·湖山帝景湾 3室2厅 东南/南/西南
,余杭闲林东海·闲湖城,,--215.00㎡南5室2厅3卫,,,,整租·东海·闲湖城 5室2厅 跃层 南
,余杭未来科技城湖山帝景湾,,--131.00㎡东南南3室2厅2卫,,,,整租·湖山帝景湾 3室2厅 东南/南
,余杭闲林绿城桃源小镇,,--115.00㎡东南4室2厅2卫,,,,整租·绿城桃源小镇 4室2厅 东南
,余杭闲林融创金成未来海,,--137.00㎡东南3室2厅2卫,,,,整租·融创金成未来海 3室2厅 东南
,余杭闲林闲林山水木兰苑,,--125.00㎡南3室2厅2卫,,,,整租·闲林山水木兰苑 3室2厅 南
,余杭未来科技城新湖果岭,,--310.00㎡南6室2厅2卫,,,,整租·新湖果岭 6室2厅 跃层 南
,余杭未来科技城新湖果岭,,--330.00㎡南6室3厅3卫,,,,整租·新湖果岭 6室3厅 南
,余杭未来科技城杉杉恒和依山郡,,--58.00㎡东南1室1厅1卫,,,,整租·杉杉恒和依山郡 1室1厅 东南
,余杭未来科技城碧景园,,--130.00㎡南4室2厅2卫,,,,整租·碧景园 4室2厅 南
,余杭未来科技城理想西溪金座,,--81.98㎡南2室1厅1卫,,,,整租·理想西溪金座 2室1厅 南
,余杭未来科技城创客空间大厦,,--99.00㎡东南5室2厅2卫,,,,整租·创客空间大厦 5室2厅 东南
,余杭未来科技城万科星空,,--126.51㎡南北4室2厅2卫,,,,整租·万科星空 4室2厅 南/北
未来科技城,余杭未来科技城杭州未来广场银天金城,2.977,--74.55㎡南北2室1厅1卫,/zufang/HZ2813085101024616448.html,4900,4天前维护,整租·杭州未来广场银天金城 2室1厅 南/北
未来科技城,余杭未来科技城西溪蓝海,2.159,--46.91㎡东北1室0厅1卫,/zufang/HZ2809965713320845312.html,4000,4天前维护,整租·西溪蓝海 1室0厅 东北
,余杭未来科技城南湖丽景,,--397.00㎡南北6室2厅6卫,,,,整租·南湖丽景 6室2厅 南/北
,余杭未来科技城仓溢景苑,,--82.00㎡南2室2厅1卫,,,,整租·仓溢景苑 2室2厅 南
,余杭未来科技城新湖菲林山,,--220.92㎡南5室2厅3卫,,,,整租·新湖菲林山 5室2厅 南
,余杭未来科技城西溪蓝海,,--38.00㎡北2室1厅1卫,,,,整租·西溪蓝海 2室1厅 北
,余杭未来科技城青枫墅园,,--238.00㎡南7室2厅2卫,,,,整租·青枫墅园 7室2厅 复式 南
,余杭未来科技城瑞城熙园,,--189.41㎡南4室2厅3卫,,,,整租·瑞城熙园 4室2厅 南
,余杭未来科技城瑞城熙园,,--240.00㎡南北4室2厅5卫,,,,整租·瑞城熙园 4室2厅 南/北
,余杭未来科技城同城印象花苑北区,,--82.00㎡东3室2厅1卫,,,,整租·同城印象花苑北区 3室2厅 东
,余杭闲林雅居乐国际花园,,--89.10㎡西南3室2厅2卫,,,,整租·雅居乐国际花园 3室2厅 西南
,余杭闲林融创金成江南府,,--127.00㎡西南4室2厅2卫,,,,整租·融创金成江南府 4室2厅 西南
,余杭未来科技城西溪蓝海,,--37.99㎡西1室1厅1卫,,,,整租·西溪蓝海 1室1厅 西
未来科技城,余杭未来科技城鼎创财富中心,2.282,--43.47㎡东南1室2厅2卫,/zufang/HZ2812162356359208960.html,5000,5天前维护,整租·鼎创财富中心 1室2厅 东南
,余杭闲林德信早安,,--138.00㎡南北4室2厅2卫,,,,整租·德信早安 4室2厅 南/北
,余杭未来科技城杉杉恒和依山郡,,--75.00㎡北2室2厅1卫,,,,整租·杉杉恒和依山郡 2室2厅 北
,余杭闲林竹海水韵,,--248.99㎡南5室2厅2卫,,,,整租·竹海水韵 5室2厅 南
,余杭未来科技城众安学君里,,--118.15㎡东南西北3室2厅2卫,,,,整租·众安学君里 3室2厅 东/南/西/北
,余杭闲林绿城桃源小镇,,--264.00㎡南北5室2厅3卫,,,,整租·绿城桃源小镇 5室2厅 跃层 南/北
,余杭未来科技城青枫墅园,,--235.45㎡东东南5室2厅4卫,,,,整租·青枫墅园 5室2厅 东/东南
,余杭未来科技城青枫墅园,,--183.52㎡南5室3厅3卫,,,,整租·青枫墅园 5室3厅 南
,余杭闲林华元玉榕庄,,--605.00㎡南北5室2厅4卫,,,,整租·华元玉榕庄 5室2厅 南/北
,余杭闲林竹海水韵竹邻间,,--113.51㎡南3室2厅2卫,,,,整租·竹海水韵竹邻间 3室2厅 南
,余杭未来科技城富力新线公园,,--133.00㎡东4室2厅2卫,,,,整租·富力新线公园 4室2厅 东
,余杭闲林德信早安,,--88.50㎡南3室2厅1卫,,,,整租·德信早安 3室2厅 南
,余杭闲林荆山翠谷,,--262.00㎡南4室2厅3卫,,,,整租·荆山翠谷 4室2厅 南
闲林,余杭闲林岸上蓝山,5.208,--92.28㎡东西3室2厅1卫,/zufang/HZ2780343963327414272.html,3500,1天前维护,整租·岸上蓝山 3室2厅 东/西
,余杭闲林融创金成未来海,,--128.00㎡东南4室2厅2卫,,,,整租·融创金成未来海 4室2厅 东南
,余杭闲林闲林山水木兰苑,,--209.08㎡南北5室2厅3卫,,,,整租·闲林山水木兰苑 5室2厅 跃层 南/北
,余杭闲林闲林山水海棠苑,,--160.00㎡南4室2厅2卫,,,,整租·闲林山水海棠苑 4室2厅 跃层 南
,余杭闲林绿城桃源小镇,,--248.00㎡南北5室2厅1卫,,,,整租·绿城桃源小镇 5室2厅 南/北
闲林,余杭闲林岸上蓝山,5.208,--117.13㎡南北5室1厅2卫,/zufang/HZ2726879064173314048.html,4800,1天前维护,整租·岸上蓝山 5室1厅 跃层 南/北
,余杭闲林爵士风情花园,,--233.71㎡东南南5室2厅3卫,,,,整租·爵士风情花园 5室2厅 东南/南
闲林,余杭闲林怡景花城,5.795,--221.43㎡东南北5室2厅3卫,/zufang/HZ2668664540656574464.html,27000,4天前维护,整租·怡景花城 5室2厅 东/南/北
未来科技城,余杭未来科技城北大资源未名府,5.74,--130.00㎡南北4室2厅2卫,/zufang/HZ2803011152940892160.html,8500,2天前维护,整租·北大资源未名府 4室2厅 南/北
,余杭未来科技城庭院深深,,--116.00㎡南3室1厅1卫,,,,整租·庭院深深 3室1厅 南
,余杭未来科技城合景天峻,,--109.00㎡南西北3室2厅2卫,,,,整租·合景天峻 3室2厅 南/西北
,余杭未来科技城众安学君里,,--89.56㎡南2室2厅1卫,,,,整租·众安学君里 2室2厅 南
闲林,余杭闲林十里风荷,5.338,--142.00㎡南5室2厅3卫,/zufang/HZ2766678415514796032.html,6000,5天前维护,整租·十里风荷 5室2厅 南
,余杭未来科技城飞鸟客,,--58.56㎡南北1室1厅1卫,,,,整租·飞鸟客 1室1厅 南/北
,余杭未来科技城众安学君里,,--89.00㎡南北2室1厅1卫,,,,整租·众安学君里 2室1厅 南/北
,余杭未来科技城金汇公寓,,--103.00㎡南2室2厅1卫,,,,整租·金汇公寓 2室2厅 南
,余杭未来科技城富力西溪悦居,,--88.97㎡南北3室2厅1卫,,,,整租·富力西溪悦居 3室2厅 南/北
,余杭未来科技城西溪八方城,,--43.00㎡东2室1厅1卫,,,,整租·西溪八方城 2室1厅 东
,余杭未来科技城欧美金融城,,--71.43㎡西南2室2厅2卫,,,,整租·欧美金融城 2室2厅 复式 西南
,余杭闲林融创金成西溪海,,--88.76㎡东3室1厅1卫,,,,整租·融创金成西溪海 3室1厅 东
,余杭闲林中港罗兰小镇,,--119.00㎡南4室2厅2卫,,,,整租·中港罗兰小镇 4室2厅 南
,余杭未来科技城富力西溪悦墅,,--143.93㎡东南4室2厅2卫,,,,整租·富力西溪悦墅 4室2厅 东南
,余杭未来科技城西溪蓝海,,--30.00㎡北1室1厅1卫,,,,整租·西溪蓝海 1室1厅 北
闲林,余杭闲林盛世嘉园,6.039,--253.00㎡南北5室3厅3卫,/zufang/HZ2775201417923928064.html,6750,3天前维护,整租·盛世嘉园 5室3厅 南/北
,余杭未来科技城恒腾悦湖花苑,,--130.00㎡南北3室2厅2卫,,,,整租·恒腾悦湖花苑 3室2厅 南/北
未来科技城,余杭未来科技城新城西溪逸境,3.667,--88.61㎡南3室2厅2卫,/zufang/HZ2803523165018390528.html,6700,1天前维护,整租·新城西溪逸境 3室2厅 南
闲林,余杭闲林爵士风情花园,4.459,--207.08㎡南北4室2厅3卫,/zufang/HZ2665749428870324224.html,4800,2天前维护,整租·爵士风情花园 4室2厅 跃层 南/北
,余杭未来科技城中南未来里,,--40.00㎡北2室2厅1卫,,,,整租·中南未来里 2室2厅 北
,余杭未来科技城合景天峻,,--89.00㎡南3室2厅2卫,,,,整租·合景天峻 3室2厅 南
,余杭未来科技城众安学君里,,--89.00㎡西南2室2厅1卫,,,,整租·众安学君里 2室2厅 西南
,余杭闲林新西湖小镇,,--223.43㎡南5室3厅3卫,,,,整租·新西湖小镇 5室3厅 南
,余杭闲林白云深处,,--296.00㎡南5室2厅3卫,,,,整租·白云深处 5室2厅 南
,余杭闲林东海·闲湖城,,--117.00㎡东南北3室2厅2卫,,,,整租·东海·闲湖城 3室2厅 东/南/北
,余杭闲林雅居乐国际花园,,--127.00㎡东南4室1厅2卫,,,,整租·雅居乐国际花园 4室1厅 东/南
,余杭闲林岸上蓝山,,--220.00㎡南北3室2厅2卫,,,,整租·岸上蓝山 3室2厅 南/北
,余杭未来科技城圆乡名筑,,--160.00㎡南4室1厅2卫,,,,整租·圆乡名筑 4室1厅 错层 南
,余杭未来科技城理想西溪金座,,--134.23㎡南3室2厅3卫,,,,整租·理想西溪金座 3室2厅 南
,余杭未来科技城杉杉恒和依山郡,,--89.00㎡南2室2厅1卫,,,,整租·杉杉恒和依山郡 2室2厅 南
,余杭未来科技城杉杉恒和依山郡,,--110.00㎡东南2室2厅3卫,,,,整租·杉杉恒和依山郡 2室2厅 东南
闲林,余杭闲林佳兆业西溪璞园,6.449,--88.67㎡南4室1厅2卫,/zufang/HZ2754153128202354688.html,5000,2天前维护,整租·佳兆业西溪璞园 4室1厅 南
未来科技城,余杭未来科技城保亿丽景山,3.069,--233.00㎡南5室3厅3卫,/zufang/HZ2599935182056734720.html,5000,4天前维护,整租·保亿丽景山 5室3厅 南
,余杭闲林雅居乐国际花园,,--137.94㎡东南北4室2厅2卫,,,,整租·雅居乐国际花园 4室2厅 东/南/北
,余杭闲林怡景花城鸣翠苑,,--179.69㎡南北6室2厅2卫,,,,整租·怡景花城鸣翠苑 6室2厅 跃层 南/北
,余杭未来科技城青枫墅园二期-鹭语阁排屋,,--178.25㎡南5室2厅3卫,,,,整租·青枫墅园二期-鹭语阁排屋 5室2厅 南
,余杭未来科技城华夏四季,,--129.14㎡西4室2厅2卫,,,,整租·华夏四季 4室2厅 西
,余杭未来科技城飞鸟客,,--45.00㎡南1室1厅1卫,,,,整租·飞鸟客 1室1厅 南
未来科技城,余杭未来科技城万科溪望,3.12,--89.13㎡南3室2厅2卫,/zufang/HZ2610118831196618752.html,8500,2天前维护,整租·万科溪望 3室2厅 南
未来科技城,余杭未来科技城东原印未来,1.025,--138.60㎡南北4室2厅2卫,/zufang/HZ2625146244829282304.html,7500,4天前维护,整租·东原印未来 4室2厅 南/北
闲林,余杭闲林闲林山水海棠苑,5.425,--170.00㎡南4室2厅2卫,/zufang/HZ2766514121716269056.html,5000,4天前维护,整租·闲林山水海棠苑 4室2厅 南
,余杭未来科技城紫祥公寓,,--128.00㎡东南3室2厅1卫,,,,整租·紫祥公寓 3室2厅 东南
,余杭未来科技城禹航路,,--109.66㎡东南2室2厅1卫,,,,整租·禹航路 2室2厅 东南
未来科技城,余杭未来科技城万通时尚公馆,1.739,--129.00㎡南3室1厅2卫,/zufang/HZ2636067031589322752.html,7800,4天前维护,整租·万通时尚公馆 3室1厅 南
,余杭闲林闲林山水紫薇苑,,--146.71㎡南4室2厅2卫,,,,整租·闲林山水紫薇苑 4室2厅 南
闲林,余杭闲林融创金成西溪海,3.296,--88.00㎡南北3室2厅1卫,/zufang/HZ2765940872188272640.html,4000,今天维护,整租·融创金成西溪海 3室2厅 南/北
,余杭未来科技城庭院深深,,--160.92㎡南西南3室2厅2卫,,,,整租·庭院深深 3室2厅 南/西南
,余杭未来科技城瑞城温莎郡,,--226.00㎡西南东北4室2厅3卫,,,,整租·瑞城温莎郡 4室2厅 西南/东北
,余杭未来科技城华夏之心,,--99.17㎡南西北3室2厅2卫,,,,整租·华夏之心 3室2厅 南/西/北
,余杭未来科技城瑞城温莎郡,,--86.90㎡南2室2厅1卫,,,,整租·瑞城温莎郡 2室2厅 南
,余杭未来科技城合景映月台,,--160.92㎡南6室2厅3卫,,,,整租·合景映月台 6室2厅 南
,余杭闲林南湖大厦,,--46.02㎡南北1室0厅1卫,,,,整租·南湖大厦 1室0厅 南/北
,余杭未来科技城豪波西溪润景,,--52.00㎡南2室2厅1卫,,,,整租·豪波西溪润景 2室2厅 南
,余杭未来科技城飞鸟客,,--70.40㎡南3室2厅2卫,,,,整租·飞鸟客 3室2厅 南
,余杭未来科技城东原印未来,,--123.59㎡南北4室4厅2卫,,,,整租·东原印未来 4室4厅 南/北
,余杭未来科技城阳光城未来悦MAX,,--140.86㎡东南4室2厅2卫,,,,整租·阳光城未来悦MAX 4室2厅 东南
,余杭未来科技城阳光城未来悦MAX,,--106.24㎡南3室1厅2卫,,,,整租·阳光城未来悦MAX 3室1厅 南
,余杭未来科技城湖山帝景湾,,--139.00㎡南3室2厅2卫,,,,整租·湖山帝景湾 3室2厅 南
,余杭未来科技城华夏四季,,--89.00㎡南3室2厅2卫,,,,整租·华夏四季 3室2厅 南
,余杭未来科技城南湖丽景,,--112.00㎡南4室2厅2卫,,,,整租·南湖丽景 4室2厅 跃层 南
,余杭未来科技城通怡花苑,,--70.00㎡南北2室2厅1卫,,,,整租·通怡花苑 2室2厅 南/北
未来科技城,余杭未来科技城鼎创财富中心,2.282,--53.00㎡西2室2厅2卫,/zufang/HZ2812214867032023040.html,5000,4天前维护,整租·鼎创财富中心 2室2厅 西
,余杭未来科技城奥克斯时代未来之城,,--132.00㎡南北3室1厅2卫,,,,整租·奥克斯时代未来之城 3室1厅 南/北
,余杭未来科技城西溪蓝海,,--57.00㎡东1室1厅1卫,,,,整租·西溪蓝海 1室1厅 东
,余杭未来科技城仓溢景苑,,--20.00㎡西4室1厅4卫,,,,合租·仓溢景苑 4居室 西卧
,余杭未来科技城众安学君里,,--118.20㎡南2室1厅1卫,,,,整租·众安学君里 2室1厅 南
,余杭未来科技城湖山帝景湾,,--131.00㎡南4室2厅2卫,,,,整租·湖山帝景湾 4室2厅 南
,余杭未来科技城万通时尚公馆,,--120.00㎡东南3室2厅2卫,,,,整租·万通时尚公馆 3室2厅 东南
,余杭未来科技城同城印象花苑东区,,--130.00㎡南3室2厅2卫,,,,整租·同城印象花苑东区 3室2厅 南
未来科技城,余杭未来科技城理想西溪金座,5.674,--80.00㎡南3室1厅2卫,/zufang/HZ2812960320933330944.html,5500,今天维护,整租·理想西溪金座 3室1厅 南
闲林,余杭闲林爵士风情花园,4.459,--193.88㎡南北5室2厅2卫,/zufang/HZ2636780085550006272.html,4000,2天前维护,整租·爵士风情花园 5室2厅 跃层 南/北
,余杭闲林新西湖小镇,,--128.89㎡东3室2厅2卫,,,,整租·新西湖小镇 3室2厅 东
,余杭闲林融创金成西溪海,,--304.71㎡南4室1厅4卫,,,,整租·融创金成西溪海 4室1厅 南
,余杭闲林南湖大厦,,--44.33㎡东北1室1厅1卫,,,,整租·南湖大厦 1室1厅 东/北
,余杭闲林绿城桃源小镇,,--249.50㎡东南北5室2厅3卫,,,,整租·绿城桃源小镇 5室2厅 东南/北
闲林,余杭闲林绿城桃源小镇,5.954,--130.09㎡东4室2厅2卫,/zufang/HZ2602137805400309760.html,2300,6天前维护,整租·绿城桃源小镇 4室2厅 东
,余杭闲林中港罗兰小镇,,--109.00㎡南4室1厅3卫,,,,整租·中港罗兰小镇 4室1厅 南
,余杭未来科技城西溪八方城,,--43.00㎡西2室1厅2卫,,,,整租·西溪八方城 2室1厅 西
,余杭未来科技城阳光城未来悦MAX,,--106.81㎡南西4室2厅1卫,,,,整租·阳光城未来悦MAX 4室2厅 南/西
,余杭未来科技城万科星空,,--89.00㎡东南3室2厅2卫,,,,整租·万科星空 3室2厅 东南
,余杭未来科技城湖山帝景湾,,--117.82㎡南3室1厅1卫,,,,整租·湖山帝景湾 3室1厅 南
,余杭未来科技城合景叠彩园,,--85.00㎡南3室2厅2卫,,,,整租·合景叠彩园 3室2厅 南
,余杭未来科技城西溪蓝海,,--37.64㎡南1室1厅1卫,,,,整租·西溪蓝海 1室1厅 南
,余杭闲林中港罗兰小镇,,--109.00㎡东南4室1厅2卫,,,,整租·中港罗兰小镇 4室1厅 东/南
,余杭未来科技城众安学君里,,--119.00㎡南4室2厅2卫,,,,整租·众安学君里 4室2厅 南
,余杭闲林绿城桃源小镇品霞苑,,--124.00㎡南西4室2厅2卫,,,,整租·绿城桃源小镇品霞苑 4室2厅 南/西
,余杭未来科技城圆乡名筑,,--87.22㎡南2室2厅1卫,,,,整租·圆乡名筑 2室2厅 南
闲林,余杭闲林盛世嘉园,6.039,--149.70㎡南北4室2厅2卫,/zufang/HZ2636044621650083840.html,4500,2天前维护,整租·盛世嘉园 4室2厅 南/北
,余杭未来科技城鼎创财富中心,,--53.00㎡东2室1厅1卫,,,,整租·鼎创财富中心 2室1厅 东
未来科技城,余杭未来科技城欧美金融城,1.901,--49.00㎡西北1室1厅1卫,/zufang/HZ2820455229085466624.html,4500,3天前维护,整租·欧美金融城 1室1厅 西北
,余杭闲林赞成乐山红叶,,--256.00㎡南5室3厅3卫,,,,整租·赞成乐山红叶 5室3厅 南
未来科技城,余杭未来科技城五迪中心,2.621,--41.00㎡南2室1厅1卫,/zufang/HZ2820858771898122240.html,4500,1天前维护,整租·五迪中心 2室1厅 南
,余杭未来科技城豪波西溪润景,,--52.00㎡南2室1厅1卫,,,,整租·豪波西溪润景 2室1厅 南
,余杭未来科技城阳光城未来悦MAX,,--112.03㎡南北4室2厅2卫,,,,整租·阳光城未来悦MAX 4室2厅 南/北
,余杭未来科技城中新大厦,,--45.00㎡北1室1厅1卫,,,,整租·中新大厦 1室1厅 北
,余杭闲林融创金成江南府,,--145.00㎡南北5室2厅3卫,,,,整租·融创金成江南府 5室2厅 南/北
,余杭闲林绿城桃源小镇,,--148.00㎡南西4室2厅3卫,,,,整租·绿城桃源小镇 4室2厅 南/西
闲林,余杭闲林盛世嘉园,6.039,--117.07㎡南北3室2厅1卫,/zufang/HZ2716017975731175424.html,4700,2天前维护,整租·盛世嘉园 3室2厅 南/北
,余杭未来科技城仓溢绿苑,,--162.13㎡南4室2厅2卫,,,,整租·仓溢绿苑 4室2厅 南
,余杭未来科技城同城印象花苑西区,,--160.83㎡南4室2厅2卫,,,,整租·同城印象花苑西区 4室2厅 南
,余杭未来科技城欣龙华府公寓,,--130.00㎡南3室2厅2卫,,,,整租·欣龙华府公寓 3室2厅 南
,余杭未来科技城新湖菲林山,,--82.00㎡南2室2厅1卫,,,,整租·新湖菲林山 2室2厅 南
,余杭闲林绿城桃源小镇品霞苑,,--87.37㎡南北3室1厅1卫,,,,整租·绿城桃源小镇品霞苑 3室1厅 南/北
,余杭闲林融创金成江南府,,--148.00㎡南5室2厅3卫,,,,整租·融创金成江南府 5室2厅 南
闲林,余杭闲林白云深处,3.453,--237.55㎡东南西北4室2厅3卫,/zufang/HZ2699334345021464576.html,6000,3天前维护,整租·白云深处 4室2厅 东南/西北
闲林,余杭闲林新西湖小镇,7.364,--77.47㎡南2室1厅1卫,/zufang/HZ2725897547360518144.html,2600,4天前维护,整租·新西湖小镇 2室1厅 南
,余杭闲林中惠家园,,--119.99㎡南北3室2厅2卫,,,,整租·中惠家园 3室2厅 南/北
,余杭闲林中惠家园,,--120.00㎡东南南4室2厅2卫,,,,整租·中惠家园 4室2厅 东南/南
,余杭闲林绿城桃源小镇,,--148.23㎡东南3室2厅4卫,,,,整租·绿城桃源小镇 3室2厅 东南
,余杭闲林江南新港公寓,,--86.09㎡南2室2厅1卫,,,,整租·江南新港公寓 2室2厅 南
,余杭未来科技城复泰雅宸华庭,,--148.89㎡南4室2厅3卫,,,,整租·复泰雅宸华庭 4室2厅 南
,余杭未来科技城欧美金融城,,--133.44㎡南北3室2厅2卫,,,,整租·欧美金融城 3室2厅 南/北
,余杭未来科技城锦绣时代中心,,--95.00㎡南北3室1厅1卫,,,,整租·锦绣时代中心 3室1厅 南/北
未来科技城,余杭未来科技城阳光城未来悦MAX,0.783,--88.51㎡南北3室2厅2卫,/zufang/HZ2686276968940576768.html,7000,1天前维护,整租·阳光城未来悦MAX 3室2厅 南/北
,余杭未来科技城瑞城熙园,,--210.00㎡东南4室2厅5卫,,,,整租·瑞城熙园 4室2厅 东南
,余杭未来科技城瑞城温莎郡,,--244.00㎡东南3室2厅3卫,,,,整租·瑞城温莎郡 3室2厅 东/南
,余杭未来科技城西溪泊岸,,--46.14㎡南2室1厅1卫,,,,整租·西溪泊岸 2室1厅 南
未来科技城,余杭未来科技城新湖菲林山,3.227,--119.00㎡南北3室2厅2卫,/zufang/HZ2688328021597241344.html,6200,4天前维护,整租·新湖菲林山 3室2厅 南/北
,余杭闲林新西湖小镇,,--10.00㎡南5室1厅4卫,,,,合租·新西湖小镇 5居室 南卧
,余杭闲林中港罗兰小镇,,--89.80㎡南4室0厅4卫,,,,整租·中港罗兰小镇 4室0厅 南
,余杭未来科技城西园凤都苑,,--251.81㎡南5室2厅4卫,,,,整租·西园凤都苑 5室2厅 南
,余杭闲林融创金成江南府,,--126.00㎡东南北4室2厅2卫,,,,整租·融创金成江南府 4室2厅 东/南/北
,余杭闲林盛世嘉园,,--148.78㎡南4室2厅2卫,,,,整租·盛世嘉园 4室2厅 南
,余杭闲林岸上蓝山,,--113.80㎡南5室2厅2卫,,,,整租·岸上蓝山 5室2厅 跃层 南
,余杭闲林中港罗兰小镇,,--65.00㎡南2室1厅1卫,,,,整租·中港罗兰小镇 2室1厅 南
,余杭未来科技城瑞城温莎郡,,--240.00㎡南5室5厅3卫,,,,整租·瑞城温莎郡 5室5厅 南
,余杭未来科技城杉杉恒和依山郡,,--55.71㎡西北1室1厅1卫,,,,整租·杉杉恒和依山郡 1室1厅 西北
,余杭闲林雅居乐国际花园,,--30.00㎡南2室1厅1卫,,,,合租·雅居乐国际花园 2居室 南卧
,余杭未来科技城山西园路,,--52.00㎡南2室2厅1卫,,,,整租·山西园路 2室2厅 南
,余杭闲林新西湖小镇,,--89.00㎡东南西北2室2厅1卫,,,,整租·新西湖小镇 2室2厅 东/南/西/北
未来科技城,余杭未来科技城杉杉恒和依山郡,16.289,--153.00㎡南5室1厅1卫,/zufang/HZ2726060807204118528.html,4000,2天前维护,整租·杉杉恒和依山郡 5室1厅 南
,余杭闲林金泽公寓,,--108.66㎡南4室2厅1卫,,,,整租·金泽公寓 4室2厅 南
,余杭闲林竹海水韵,,--110.00㎡西南3室2厅2卫,,,,整租·竹海水韵 3室2厅 西南
,余杭闲林新西湖小镇,,--30.00㎡南2室1厅1卫,,,,合租·新西湖小镇 2居室 南卧
,余杭未来科技城瑞城温莎郡,,--86.55㎡南2室1厅1卫,,,,整租·瑞城温莎郡 2室1厅 南
,余杭未来科技城西溪八方城,,--43.00㎡东2室2厅2卫,,,,整租·西溪八方城 2室2厅 东
,余杭未来科技城融创金成英特学府,,--178.30㎡南5室2厅3卫,,,,整租·融创金成英特学府 5室2厅 南
,余杭闲林金岸提香,,--30.00㎡南5室1厅1卫,,,,合租·金岸提香 5居室 南卧
,余杭未来科技城创客空间大厦,,--44.89㎡西2室1厅1卫,,,,整租·创客空间大厦 2室1厅 西
,余杭未来科技城南湖丽景,,--148.83㎡南北4室2厅2卫,,,,整租·南湖丽景 4室2厅 南/北
,余杭未来科技城东原印未来,,--95.00㎡南3室2厅2卫,,,,整租·东原印未来 3室2厅 南
,余杭未来科技城佳源未来府,,--23.00㎡南4室2厅3卫,,,,合租·佳源未来府 4居室 南卧
,余杭未来科技城欧美金融城,,--42.58㎡东2室2厅1卫,,,,整租·欧美金融城 2室2厅 东
,余杭未来科技城瑞城温莎郡,,--84.31㎡南北3室2厅1卫,,,,整租·瑞城温莎郡 3室2厅 南/北
,余杭未来科技城中南樾府,,--128.00㎡南4室1厅2卫,,,,整租·中南樾府 4室1厅 南
,余杭未来科技城南湖丽景,,--132.36㎡东3室2厅1卫,,,,整租·南湖丽景 3室2厅 东
,余杭未来科技城青枫墅园二期-鹭语阁排屋,,--145.00㎡南4室2厅4卫,,,,整租·青枫墅园二期-鹭语阁排屋 4室2厅 南
,余杭未来科技城景瑞原墅,,--430.00㎡南9室4厅6卫,,,,整租·景瑞原墅 9室4厅 南
,余杭未来科技城瑞城温莎郡,,--91.28㎡南北3室2厅1卫,,,,整租·瑞城温莎郡 3室2厅 跃层 南/北
,余杭未来科技城海创绿谷,,--29.60㎡南1室1厅1卫,,,,整租·海创绿谷 1室1厅 南
,余杭未来科技城山西园,,--50.00㎡南2室1厅1卫,,,,整租·山西园 2室1厅 南
,余杭未来科技城融创金成英特学府,,--89.00㎡东南3室2厅2卫,,,,整租·融创金成英特学府 3室2厅 东南
,余杭未来科技城庭院深深,,--160.00㎡西北3室2厅2卫,,,,整租·庭院深深 3室2厅 西北
,余杭未来科技城欧美金融城,,--60.03㎡北2室2厅1卫,,,,整租·欧美金融城 2室2厅 北
,余杭未来科技城欣龙华府公寓,,--139.00㎡南北3室2厅2卫,,,,整租·欣龙华府公寓 3室2厅 南/北
,余杭未来科技城山西园路,,--60.00㎡南北2室2厅1卫,,,,整租·山西园路 2室2厅 南/北
,余杭未来科技城西城时代家园,,--92.37㎡南北3室1厅1卫,,,,整租·西城时代家园 3室1厅 南/北
,余杭闲林闲林山水木兰苑,,--200.00㎡南5室3厅2卫,,,,整租·闲林山水木兰苑 5室3厅 南
未来科技城,余杭未来科技城欧美金融城,1.901,--38.00㎡西2室1厅1卫,/zufang/HZ2822997546887020544.html,4700,1天前维护,整租·欧美金融城 2室1厅 西
,余杭闲林融创金成江南府,,--148.10㎡南5室2厅3卫,,,,融创金成江南府 5室2厅 南
,余杭未来科技城金地西溪风华,,--73.00㎡南2室1厅1卫,,,,整租·金地西溪风华 2室1厅 南
,余杭未来科技城未来悦,,--79.04㎡南3室1厅2卫,,,,整租·未来悦 3室1厅 南
,余杭未来科技城豪波西溪润景,,--72.00㎡南3室2厅2卫,,,,整租·豪波西溪润景 3室2厅 南
,余杭未来科技城北大资源未名府,,--37.00㎡北2室1厅1卫,,,,整租·北大资源未名府 2室1厅 北
,余杭未来科技城南安,,--101.00㎡南3室1厅2卫,,,,整租·南安 3室1厅 南
未来科技城,余杭未来科技城青枫墅园,3.227,--85.00㎡南3室1厅1卫,/zufang/HZ2825437681721278464.html,5800,1天前维护,整租·青枫墅园 3室1厅 南
,余杭闲林东海·闲湖城,,--89.00㎡南3室1厅1卫,,,,整租·东海·闲湖城 3室1厅 南
,余杭闲林绿城桃源小镇品霞苑,,--89.00㎡南2室2厅1卫,,,,整租·绿城桃源小镇品霞苑 2室2厅 南
,余杭闲林绿城桃源小镇,,--83.00㎡西南2室1厅1卫,,,,整租·绿城桃源小镇 2室1厅 西南
,余杭闲林新明半岛,,--143.00㎡东南3室2厅2卫,,,,整租·新明半岛 3室2厅 错层 东南
,余杭闲林怡景花城,,--223.00㎡南5室2厅3卫,,,,整租·怡景花城 5室2厅 南
,余杭未来科技城蓝城鼎胜蔚蓝中心,,--50.00㎡西2室1厅2卫,,,,整租·蓝城鼎胜蔚蓝中心 2室1厅 西
未来科技城,余杭未来科技城湖山帝景湾,5.41,--130.91㎡东南3室2厅2卫,/zufang/HZ2822512926760370176.html,5000,2天前维护,整租·湖山帝景湾 3室2厅 东南
,余杭闲林闲林山水丹枫苑,,--204.11㎡南4室2厅3卫,,,,整租·闲林山水丹枫苑 4室2厅 跃层 南
,余杭闲林华门清水湾,,--326.10㎡南5室2厅3卫,,,,整租·华门清水湾 5室2厅 南
,余杭未来科技城鼎创财富中心,,--53.10㎡西2室1厅2卫,,,,整租·鼎创财富中心 2室1厅 西
,余杭未来科技城宝林西路,,--73.00㎡南2室1厅1卫,,,,整租·宝林西路 2室1厅 南
,余杭闲林怡景花城,,--230.00㎡南5室2厅3卫,,,,整租·怡景花城 5室2厅 跃层 南
闲林,余杭闲林南湖大厦,5.986,--46.02㎡西南1室0厅1卫,/zufang/HZ2505158571999117312.html,2500,6天前维护,整租·南湖大厦 1室0厅 西南
,余杭未来科技城蓝城鼎胜蔚蓝中心,,--45.68㎡东1室1厅2卫,,,,整租·蓝城鼎胜蔚蓝中心 1室1厅 东
,余杭未来科技城西溪美岸,,--41.88㎡南3室1厅2卫,,,,整租·西溪美岸 3室1厅 南
闲林,余杭闲林爵士风情花园,4.459,--223.71㎡南5室2厅3卫,/zufang/HZ2500617429005377536.html,5000,1天前维护,整租·爵士风情花园 5室2厅 南
,余杭未来科技城紫竹人家,,--119.80㎡南3室2厅2卫,,,,整租·紫竹人家 3室2厅 南
,余杭闲林润和西溪郡,,--228.00㎡南6室2厅4卫,,,,整租·润和西溪郡 6室2厅 跃层 南
,余杭闲林竹海水韵,,--300.00㎡南北5室2厅3卫,,,,整租·竹海水韵 5室2厅 南/北
,余杭未来科技城创客空间大厦,,--45.00㎡东2室1厅1卫,,,,整租·创客空间大厦 2室1厅 东
未来科技城,余杭未来科技城欧美金融城,1.901,--42.00㎡北1室1厅1卫,/zufang/HZ2823142834818269184.html,4600,6天前维护,整租·欧美金融城 1室1厅 北
,余杭闲林十里风荷,,--105.00㎡南5室1厅2卫,,,,整租·十里风荷 5室1厅 南
,余杭闲林绿城桃源小镇品霞苑,,--89.00㎡东南3室2厅1卫,,,,整租·绿城桃源小镇品霞苑 3室2厅 东南
,余杭未来科技城中园花苑,,--99.00㎡南3室2厅2卫,,,,整租·中园花苑 3室2厅 复式 南
,余杭闲林白云深处,,--261.55㎡南5室3厅3卫,,,,整租·白云深处 5室3厅 南
,余杭闲林怡景花城鸣翠苑,,--134.49㎡南3室2厅2卫,,,,整租·怡景花城鸣翠苑 3室2厅 南
,余杭未来科技城创客空间大厦,,--45.00㎡南2室1厅1卫,,,,整租·创客空间大厦 2室1厅 LOFT 南
未来科技城,余杭未来科技城华夏之心,1.924,--64.00㎡东1室1厅1卫,/zufang/HZ2817939332302905344.html,5000,3天前维护,整租·华夏之心 1室1厅 东
,余杭未来科技城江南雅居,,--88.00㎡南2室2厅1卫,,,,整租·江南雅居 2室2厅 南
未来科技城,余杭未来科技城复地上城,3.072,--120.00㎡南北2室2厅1卫,/zufang/HZ2815759144240283648.html,4000,3天前维护,整租·复地上城 2室2厅 跃层 南/北
,余杭未来科技城紫竹人家,,--118.00㎡南北3室2厅2卫,,,,整租·紫竹人家 3室2厅 南/北
,余杭未来科技城杉杉恒和依山郡,,--89.00㎡南北2室2厅1卫,,,,整租·杉杉恒和依山郡 2室2厅 南/北
,余杭未来科技城紫祥公寓,,--160.00㎡南3室2厅2卫,,,,整租·紫祥公寓 3室2厅 南
,余杭未来科技城佳源未来府,,--77.00㎡南2室1厅1卫,,,,整租·佳源未来府 2室1厅 南
,余杭未来科技城西溪泊岸,,--45.01㎡北1室1厅1卫,,,,整租·西溪泊岸 1室1厅 北
,余杭闲林融创金成江南府,,--149.89㎡南4室2厅3卫,,,,整租·融创金成江南府 4室2厅 跃层 南
,余杭闲林闲林山水木兰苑,,--250.00㎡南4室2厅3卫,,,,整租·闲林山水木兰苑 4室2厅 南
,余杭闲林赞成乐山红叶,,--30.00㎡南5室4厅5卫,,,,合租·赞成乐山红叶 5居室 南卧
,余杭闲林闲林山水丹枫苑,,--133.00㎡南3室2厅2卫,,,,整租·闲林山水丹枫苑 3室2厅 南
,余杭闲林闲林山水海棠苑,,--20.00㎡南5室2厅2卫,,,,合租·闲林山水海棠苑 5居室 南卧
,余杭未来科技城富力西溪悦居溪区,,--138.78㎡南4室2厅2卫,,,,整租·富力西溪悦居溪区 4室2厅 南
,余杭闲林爵士风情花园,,--79.00㎡南2室2厅1卫,,,,整租·爵士风情花园 2室2厅 南
,余杭未来科技城庭院深深,,--138.00㎡东东南3室2厅2卫,,,,整租·庭院深深 3室2厅 东/东南
闲林,余杭闲林竹海水韵,4.235,--198.00㎡南北5室2厅3卫,/zufang/HZ2787577723818606592.html,6000,6天前维护,整租·竹海水韵 5室2厅 跃层 南/北
,余杭未来科技城西溪蓝海,,--38.00㎡东1室0厅1卫,,,,整租·西溪蓝海 1室0厅 东
,余杭未来科技城杉杉恒和依山郡,,--91.25㎡西北2室1厅1卫,,,,整租·杉杉恒和依山郡 2室1厅 西北
,余杭未来科技城中南未来里,,--68.00㎡南3室2厅2卫,,,,整租·中南未来里 3室2厅 南
,余杭闲林荆山翠谷,,--287.60㎡南5室3厅3卫,,,,整租·荆山翠谷 5室3厅 南
,余杭闲林雅居乐国际花园,,--117.00㎡南西3室2厅2卫,,,,整租·雅居乐国际花园 3室2厅 南/西
,余杭闲林华元玉榕庄,,--609.00㎡南6室4厅6卫,,,,整租·华元玉榕庄 6室4厅 跃层 南
,余杭闲林闲林山水丹枫苑,,--240.88㎡南5室2厅3卫,,,,整租·闲林山水丹枫苑 5室2厅 跃层 南
,余杭未来科技城青枫墅园三期,,--89.00㎡南3室1厅1卫,,,,整租·青枫墅园三期 3室1厅 南
未来科技城,余杭未来科技城华夏之心,1.924,--44.00㎡西北1室1厅1卫,/zufang/HZ2800686619516993536.html,4500,4天前维护,整租·华夏之心 1室1厅 西北
,余杭未来科技城金沙公寓,,--96.54㎡南4室2厅2卫,,,,整租·金沙公寓 4室2厅 南
,余杭未来科技城佳源未来府,,--80.42㎡南北2室2厅1卫,,,,整租·佳源未来府 2室2厅 南/北
,余杭闲林新时代城市家园,,--93.00㎡南2室1厅1卫,,,,整租·新时代城市家园 2室1厅 南
,余杭未来科技城同城印象花苑东区,,--110.00㎡南北2室2厅1卫,,,,整租·同城印象花苑东区 2室2厅 南/北
,余杭未来科技城碧景园,,--132.00㎡南2室2厅2卫,,,,整租·碧景园 2室2厅 南
,余杭未来科技城佳源未来府,,--89.00㎡南3室2厅1卫,,,,整租·佳源未来府 3室2厅 南
,余杭未来科技城西城时代家园,,--127.08㎡东东南南西北3室2厅2卫,,,,整租·西城时代家园 3室2厅 东/东南/南/西/北
,余杭未来科技城南门公寓,,--25.00㎡南8室0厅8卫,,,,合租·南门公寓 8居室 南卧
未来科技城,余杭未来科技城西溪蓝海,2.159,--64.80㎡东2室1厅1卫,/zufang/HZ2812484492169068544.html,4000,1天前维护,整租·西溪蓝海 2室1厅 东
,余杭未来科技城创客空间大厦,,--99.22㎡西南5室2厅2卫,,,,整租·创客空间大厦 5室2厅 西南
,余杭未来科技城北大资源未名府,,--89.89㎡南3室1厅1卫,,,,整租·北大资源未名府 3室1厅 南
,余杭未来科技城湖山帝景湾,,--85.65㎡南2室1厅1卫,,,,整租·湖山帝景湾 2室1厅 南
,余杭未来科技城海创绿谷,,--45.09㎡北1室1厅1卫,,,,整租·海创绿谷 1室1厅 北
,余杭未来科技城湖山帝景湾南苑,,--217.00㎡东南南4室2厅4卫,,,,整租·湖山帝景湾南苑 4室2厅 东南/南
,余杭未来科技城富力西溪悦墅,,--141.33㎡南北4室2厅2卫,,,,整租·富力西溪悦墅 4室2厅 复式 南/北
,余杭未来科技城锦绣时代中心,,--90.00㎡南北2室2厅1卫,,,,整租·锦绣时代中心 2室2厅 南/北
,余杭未来科技城西城时代家园,,--136.00㎡南4室2厅2卫,,,,整租·西城时代家园 4室2厅 跃层 南
闲林,余杭闲林岸上蓝山,5.208,--140.55㎡南北4室2厅2卫,/zufang/HZ2823262083754229760.html,4200,2天前维护,整租·岸上蓝山 4室2厅 南/北
,余杭闲林海伦堡棠锦,,--89.00㎡南3室2厅1卫,,,,整租·海伦堡棠锦 3室2厅 南
,余杭闲林竹海水韵春风里,,--86.00㎡南3室2厅1卫,,,,整租·竹海水韵春风里 3室2厅 南
,余杭未来科技城瑞城温莎郡,,--86.00㎡东南3室2厅2卫,,,,整租·瑞城温莎郡 3室2厅 东南
,余杭闲林绿城桃源小镇,,--12.00㎡北3室1厅1卫,,,,合租·绿城桃源小镇 3居室 北卧
,余杭闲林闲林山水丹枫苑,,--139.00㎡南4室2厅2卫,,,,整租·闲林山水丹枫苑 4室2厅 南
,余杭未来科技城景瑞御蓝湾,,--89.00㎡南3室2厅1卫,,,,整租·景瑞御蓝湾 3室2厅 南
,余杭闲林盛世嘉园,,--41.00㎡南1室0厅1卫,,,,整租·盛世嘉园 1室0厅 南
,余杭未来科技城富力西溪悦居溪区,,--192.00㎡南北4室2厅3卫,,,,整租·富力西溪悦居溪区 4室2厅 南/北
,余杭闲林新明半岛,,--244.19㎡南6室3厅4卫,,,,整租·新明半岛 6室3厅 南
,余杭未来科技城华夏四季,,--89.00㎡南北3室2厅2卫,,,,整租·华夏四季 3室2厅 南/北
,余杭未来科技城恒合金座,,--53.00㎡南1室1厅1卫,,,,整租·恒合金座 1室1厅 南
,余杭未来科技城欧美金融城,,--46.55㎡北1室0厅1卫,,,,整租·欧美金融城 1室0厅 北
,余杭闲林盛世嘉园,,--40.00㎡南1室1厅1卫,,,,整租·盛世嘉园 1室1厅 南
,余杭未来科技城保亿丽景山,,--133.00㎡南4室3厅4卫,,,,整租·保亿丽景山 4室3厅 南
,余杭未来科技城合景映月台,,--20.00㎡南4室0厅0卫,,,,合租·合景映月台 4居室 南卧
,余杭未来科技城佳源未来府,,--30.00㎡北2室2厅1卫,,,,合租·佳源未来府 2居室 北卧
未来科技城,余杭未来科技城西溪蓝海,2.159,--38.00㎡南北1室1厅1卫,/zufang/HZ2810138204005466112.html,3600,今天维护,整租·西溪蓝海 1室1厅 南/北
闲林,余杭闲林新明半岛,5.023,--113.00㎡南3室1厅2卫,/zufang/HZ2762924274980495360.html,3800,1天前维护,整租·新明半岛 3室1厅 南
,余杭未来科技城万科星空,,--108.53㎡南4室1厅2卫,,,,整租·万科星空 4室1厅 南
,余杭闲林融创金成西溪海,,--138.00㎡西4室2厅1卫,,,,整租·融创金成西溪海 4室2厅 西
,余杭闲林新西湖小镇,,--174.30㎡南5室1厅5卫,,,,整租·新西湖小镇 5室1厅 错层 南
,余杭未来科技城北大资源未名府,,--46.41㎡南1室1厅1卫,,,,整租·北大资源未名府 1室1厅 LOFT 南
未来科技城,余杭未来科技城庭院深深,4.095,--89.00㎡东南2室2厅1卫,/zufang/HZ2826115954852249600.html,3300,今天维护,整租·庭院深深 2室2厅 东南
,余杭闲林融创金成西溪海,,--89.00㎡东南北3室2厅1卫,,,,整租·融创金成西溪海 3室2厅 东/南/北
,余杭闲林西溪庭院,,--25.00㎡南2室0厅1卫,,,,合租·西溪庭院 2居室 南卧
,余杭闲林岸上蓝山,,--95.04㎡南2室2厅1卫,,,,整租·岸上蓝山 2室2厅 南
,余杭闲林岸上蓝山,,--159.85㎡东南4室2厅2卫,,,,整租·岸上蓝山 4室2厅 东/南
,余杭未来科技城瑞城熙园,,--175.66㎡南4室2厅2卫,,,,整租·瑞城熙园 4室2厅 复式 南
,余杭未来科技城紫祥公寓,,--149.25㎡东南南3室2厅2卫,,,,整租·紫祥公寓 3室2厅 东南/南
,余杭未来科技城福田假日之约山庄,,--34.00㎡南北1室2厅1卫,,,,整租·福田假日之约山庄 1室2厅 南/北
,余杭未来科技城飞鸟客,,--38.97㎡北1室1厅1卫,,,,整租·飞鸟客 1室1厅 北
未来科技城,余杭未来科技城杭州未来广场银天金城,2.977,--37.95㎡东北1室1厅1卫,/zufang/HZ2744347220009549824.html,3400,1天前维护,整租·杭州未来广场银天金城 1室1厅 东北
,余杭闲林佳兆业西溪璞园,,--125.00㎡南西南4室2厅2卫,,,,整租·佳兆业西溪璞园 4室2厅 南/西南
,余杭闲林新西湖小镇,,--133.55㎡东南3室2厅2卫,,,,整租·新西湖小镇 3室2厅 东南
,余杭未来科技城北大资源未名府,,--45.21㎡南2室2厅1卫,,,,整租·北大资源未名府 2室2厅 南
,余杭未来科技城未来悦,,--28.00㎡北1室1厅1卫,,,,整租·未来悦 1室1厅 北
,余杭闲林雅居乐国际花园,,--89.00㎡东南3室2厅2卫,,,,整租·雅居乐国际花园 3室2厅 东南
,余杭闲林爵士风情花园,,--127.00㎡东南4室2厅2卫,,,,整租·爵士风情花园 4室2厅 东南
,余杭未来科技城中南未来里,,--70.72㎡南3室1厅1卫,,,,整租·中南未来里 3室1厅 南
,余杭未来科技城富力十号院,,--118.00㎡南4室2厅2卫,,,,整租·富力十号院 4室2厅 南
,余杭未来科技城西溪八方城,,--45.00㎡北2室1厅2卫,,,,整租·西溪八方城 2室1厅 北
,余杭闲林怡景花城鸣翠苑,,--213.00㎡南5室1厅2卫,,,,整租·怡景花城鸣翠苑 5室1厅 跃层 南
,余杭未来科技城西城时代家园,,--88.00㎡南2室2厅1卫,,,,整租·西城时代家园 2室2厅 南
,余杭未来科技城中南未来里,,--52.26㎡东南2室2厅2卫,,,,合租·中南未来里 2居室 东/南卧
,余杭闲林融创金成西溪海,,--89.00㎡东3室2厅1卫,,,,整租·融创金成西溪海 3室2厅 东
,余杭未来科技城新湖果岭,,--309.00㎡南北5室2厅4卫,,,,整租·新湖果岭 5室2厅 南/北
,余杭未来科技城华夏四季,,--139.00㎡东南4室2厅3卫,,,,整租·华夏四季 4室2厅 东南
,余杭闲林闲林山水紫薇苑,,--88.69㎡南2室2厅2卫,,,,整租·闲林山水紫薇苑 2室2厅 南
,余杭闲林闲林山水丹枫苑,,--56.00㎡南1室1厅1卫,,,,整租·闲林山水丹枫苑 1室1厅 南
,余杭闲林岸上蓝山,,--91.00㎡南北2室2厅2卫,,,,整租·岸上蓝山 2室2厅 南/北
,余杭闲林东海·闲湖城,,--118.00㎡南4室1厅2卫,,,,整租·东海·闲湖城 4室1厅 南
,余杭闲林金岸提香,,--88.00㎡南2室1厅1卫,,,,整租·金岸提香 2室1厅 南
,余杭未来科技城合景天峻,,--20.00㎡南3室1厅2卫,,,,合租·合景天峻 3居室 南卧
,余杭未来科技城欧美金融城,,--48.00㎡东南2室1厅1卫,,,,整租·欧美金融城 2室1厅 东南
,余杭未来科技城浙富西溪堂,,--58.00㎡南1室1厅1卫,,,,整租·浙富西溪堂 1室1厅 南
未来科技城,余杭未来科技城豪波西溪润景,5.999,--53.43㎡西2室1厅2卫,/zufang/HZ2739131705754656768.html,4300,今天维护,整租·豪波西溪润景 2室1厅 西
未来科技城,余杭未来科技城理想西溪金座,5.674,--61.20㎡南2室2厅1卫,/zufang/HZ2747048088962342912.html,4200,今天维护,整租·理想西溪金座 2室2厅 南
,余杭未来科技城金都西花庭,,--149.15㎡南4室2厅2卫,,,,整租·金都西花庭 4室2厅 南
,余杭未来科技城杉杉恒和依山郡,,--351.00㎡南西南5室3厅5卫,,,,整租·杉杉恒和依山郡 5室3厅 复式 南/西南
,余杭未来科技城欧美金融城,,--38.28㎡西2室1厅1卫,,,,整租·欧美金融城 2室1厅 复式 西
未来科技城,余杭未来科技城青枫墅园二期-鹭语阁排屋,1.705,--145.69㎡南北6室4厅4卫,/zufang/HZ2152097163230838784.html,8000,今天维护,整租·青枫墅园二期-鹭语阁排屋 6室4厅 跃层 南/北
,余杭未来科技城庭院深深,,--136.00㎡南北3室2厅2卫,,,,整租·庭院深深 3室2厅 南/北
,余杭未来科技城豪波西溪润景,,--90.00㎡北1室1厅1卫,,,,整租·豪波西溪润景 1室1厅 北
,余杭闲林绿城桃源小镇,,--170.00㎡东南5室2厅2卫,,,,整租·绿城桃源小镇 5室2厅 东南
,余杭闲林竹海水韵春风里,,--89.00㎡南3室1厅1卫,,,,整租·竹海水韵春风里 3室1厅 南
,余杭未来科技城大华海派风范,,--89.00㎡南北4室2厅2卫,,,,整租·大华海派风范 4室2厅 南/北
,余杭未来科技城理想西溪金座,,--61.20㎡东2室2厅1卫,,,,整租·理想西溪金座 2室2厅 东
,余杭未来科技城西溪北苑东区,,--90.00㎡南2室2厅1卫,,,,整租·西溪北苑东区 2室2厅 南
,余杭未来科技城瑞城温莎郡,,--135.00㎡南4室2厅2卫,,,,整租·瑞城温莎郡 4室2厅 南
,余杭未来科技城华夏之心,,--89.00㎡南3室1厅1卫,,,,整租·华夏之心 3室1厅 南
,余杭闲林新明半岛,,--85.42㎡南北2室1厅1卫,,,,整租·新明半岛 2室1厅 南/北
,余杭闲林绿城桃花源,,--83.00㎡南北2室2厅1卫,,,,整租·绿城桃花源 2室2厅 南/北
,余杭未来科技城西园凤都苑,,--88.55㎡南2室2厅1卫,,,,整租·西园凤都苑 2室2厅 南
,余杭未来科技城青枫墅园三期,,--89.00㎡东南3室2厅1卫,,,,整租·青枫墅园三期 3室2厅 东南
,余杭未来科技城中南未来里,,--52.26㎡东2室2厅2卫,,,,整租·中南未来里 2室2厅 东
,余杭闲林南湖大厦,,--46.00㎡北1室1厅1卫,,,,整租·南湖大厦 1室1厅 北
,余杭闲林荆山翠谷,,--268.00㎡东南5室3厅3卫,,,,整租·荆山翠谷 5室3厅 东南
,余杭闲林绿城桃源小镇,,--450.00㎡南6室3厅6卫,,,,整租·绿城桃源小镇 6室3厅 南
,余杭未来科技城中园花苑,,--90.00㎡南2室2厅1卫,,,,整租·中园花苑 2室2厅 南
,余杭闲林中港罗兰小镇,,--11.10㎡西5室1厅2卫,,,,合租·中港罗兰小镇 5居室 西卧
,余杭闲林润和西溪郡,,--204.58㎡南北5室2厅5卫,,,,整租·润和西溪郡 5室2厅 跃层 南/北
,余杭闲林中惠家园,,--74.00㎡南3室2厅2卫,,,,整租·中惠家园 3室2厅 南
,余杭闲林赞成乐山红叶,,--88.38㎡南北3室2厅1卫,,,,整租·赞成乐山红叶 3室2厅 南/北
,余杭闲林新西湖小镇,,--213.00㎡南4室2厅3卫,,,,整租·新西湖小镇 4室2厅 南
,余杭未来科技城中南未来里,,--52.26㎡东1室1厅1卫,,,,整租·中南未来里 1室1厅 东
,余杭未来科技城西房余杭公馆,,--112.00㎡南北3室2厅2卫,,,,整租·西房余杭公馆 3室2厅 南/北
,余杭闲林中港罗兰小镇,,--30.00㎡北2室1厅2卫,,,,合租·中港罗兰小镇 2居室 北卧
,余杭闲林竹海水韵,,--160.00㎡南北4室2厅2卫,,,,整租·竹海水韵 4室2厅 南/北
,余杭未来科技城海兴雅苑,,--118.04㎡南3室1厅2卫,,,,整租·海兴雅苑 3室1厅 南
未来科技城,余杭未来科技城众安学君里,3.832,--89.52㎡东南南3室2厅1卫,/zufang/HZ2790732888868659200.html,3800,今天维护,整租·众安学君里 3室2厅 东南/南
,余杭未来科技城大华海派风范,,--89.00㎡南4室2厅1卫,,,,整租·大华海派风范 4室2厅 南
,余杭未来科技城锦绣时代中心,,--94.77㎡南西北2室2厅1卫,,,,整租·锦绣时代中心 2室2厅 南/西/北
,余杭未来科技城中新大厦,,--50.23㎡南2室2厅1卫,,,,整租·中新大厦 2室2厅 南
,余杭未来科技城青枫墅园,,--89.00㎡南西南西3室2厅1卫,,,,整租·青枫墅园 3室2厅 南/西南/西
,余杭闲林新南湖绿苑,,--76.59㎡南北2室2厅1卫,,,,整租·新南湖绿苑 2室2厅 南/北
,余杭未来科技城北大资源未名府,,--42.52㎡北1室0厅1卫,,,,整租·北大资源未名府 1室0厅 北
,余杭闲林雅居乐国际花园,,--59.00㎡南2室1厅1卫,,,,整租·雅居乐国际花园 2室1厅 南
,余杭闲林岸上蓝山,,--80.00㎡南3室1厅1卫,,,,整租·岸上蓝山 3室1厅 南
,余杭闲林新时代城市家园,,--30.00㎡东北2室1厅1卫,,,,合租·新时代城市家园 2居室 东/北卧
,余杭闲林绿城桃花源,,--47.00㎡南1室1厅1卫,,,,整租·绿城桃花源 1室1厅 南
,余杭未来科技城欧美金融城,,--25.00㎡西4室1厅3卫,,,,合租·欧美金融城 4居室 西卧
,余杭未来科技城金沙公寓,,--90.00㎡南2室2厅1卫,,,,整租·金沙公寓 2室2厅 南
,余杭未来科技城欧美金融城,,--25.00㎡南4室1厅3卫,,,,合租·欧美金融城 4居室 南卧
未来科技城,余杭未来科技城万科溪望,3.12,--139.00㎡南6室2厅3卫,/zufang/HZ2745494238832893952.html,25000,今天维护,整租·万科溪望 6室2厅 南
,余杭闲林盛世嘉园,,--249.74㎡南5室3厅3卫,,,,整租·盛世嘉园 5室3厅 南
,余杭未来科技城中新大厦,,--55.00㎡南2室1厅1卫,,,,整租·中新大厦 2室1厅 南
,余杭未来科技城未来悦,,--92.89㎡南3室2厅2卫,,,,整租·未来悦 3室2厅 南
,余杭未来科技城保亿丽景山,,--135.99㎡南3室1厅2卫,,,,整租·保亿丽景山 3室1厅 南
,余杭未来科技城安乐路,,--86.00㎡南北2室2厅1卫,,,,整租·安乐路 2室2厅 南/北
,余杭闲林绿城桃源小镇,,--118.00㎡南4室1厅2卫,,,,整租·绿城桃源小镇 4室1厅 南
,余杭闲林绿城桃花源,,--446.97㎡南6室4厅4卫,,,,整租·绿城桃花源 6室4厅 南
,余杭闲林绿城桃花源,,--264.90㎡南3室3厅4卫,,,,整租·绿城桃花源 3室3厅 南
,余杭闲林白云深处,,--235.75㎡南4室3厅4卫,,,,整租·白云深处 4室3厅 南
,余杭闲林绿城桃花源,,--344.90㎡南5室3厅4卫,,,,整租·绿城桃花源 5室3厅 南
,余杭闲林绿城桃花源,,--129.00㎡南4室1厅2卫,,,,整租·绿城桃花源 4室1厅 南
,余杭未来科技城中南樾府,,--89.00㎡南3室3厅2卫,,,,整租·中南樾府 3室3厅 南
未来科技城,余杭未来科技城欧美金融城,1.901,--124.00㎡东南3室1厅2卫,/zufang/HZ2827444568272666624.html,8500,今天维护,整租·欧美金融城 3室1厅 东/南
,余杭闲林新时代城市家园,,--30.00㎡南2室1厅1卫,,,,合租·新时代城市家园 2居室 南卧
,余杭未来科技城华夏之心,,--73.00㎡北1室1厅1卫,,,,整租·华夏之心 1室1厅 北
,余杭闲林融创金成西溪海,,--89.70㎡南3室1厅1卫,,,,整租·融创金成西溪海 3室1厅 南
,余杭闲林德信早安,,--89.00㎡南3室1厅1卫,,,,整租·德信早安 3室1厅 南
,余杭未来科技城紫祥公寓,,--160.00㎡南5室2厅3卫,,,,整租·紫祥公寓 5室2厅 南
闲林,余杭闲林竹海水韵竹邻间,4.264,--124.61㎡南北3室2厅2卫,/zufang/HZ2761444597644132352.html,4200,2天前维护,整租·竹海水韵竹邻间 3室2厅 南/北
,余杭闲林竹海水韵竹邻间,,--99.00㎡东南3室2厅1卫,,,,整租·竹海水韵竹邻间 3室2厅 东南
,余杭未来科技城富力天贸广场,,--52.00㎡南1室1厅1卫,,,,整租·富力天贸广场 1室1厅 南
,余杭闲林融创金成西溪海,,--127.56㎡南西南北4室2厅2卫,,,,整租·融创金成西溪海 4室2厅 南/西南/北
,余杭未来科技城御景城,,--100.00㎡南3室2厅2卫,,,,整租·御景城 3室2厅 南
,余杭未来科技城庭院深深,,--102.00㎡东南南3室2厅1卫,,,,整租·庭院深深 3室2厅 东南/南
,余杭未来科技城湖山帝景湾,,--85.00㎡南北3室1厅1卫,,,,整租·湖山帝景湾 3室1厅 南/北
,余杭未来科技城青枫墅园三期,,--89.00㎡南北3室2厅1卫,,,,整租·青枫墅园三期 3室2厅 南/北
,余杭未来科技城欧美金融城,,--68.23㎡南2室2厅1卫,,,,整租·欧美金融城 2室2厅 南
,余杭未来科技城百汇中心,,--90.40㎡南2室1厅1卫,,,,整租·百汇中心 2室1厅 南
,余杭闲林绿城桃源小镇,,--15.00㎡南4室1厅2卫,,,,合租·绿城桃源小镇 4居室 南卧
,余杭未来科技城合景瑜翠园,,--89.00㎡南3室2厅2卫,,,,整租·合景瑜翠园 3室2厅 南
,余杭未来科技城富力西溪悦居,,--191.98㎡南西4室2厅3卫,,,,整租·富力西溪悦居 4室2厅 南/西
,余杭未来科技城众安学君里,,--118.00㎡南3室1厅1卫,,,,整租·众安学君里 3室1厅 南
,余杭未来科技城同城印象花苑东区,,--99.15㎡南2室1厅1卫,,,,整租·同城印象花苑东区 2室1厅 南
闲林,余杭闲林盛世嘉园,6.039,--67.97㎡南1室1厅2卫,/zufang/HZ2824447130704551936.html,3500,今天维护,整租·盛世嘉园 1室1厅 复式 南
,余杭未来科技城湖山帝景湾,,--89.39㎡南北3室2厅1卫,,,,整租·湖山帝景湾 3室2厅 南/北
,余杭未来科技城苕溪南湖人家,,--90.09㎡南3室2厅1卫,,,,整租·苕溪南湖人家 3室2厅 南
,余杭未来科技城新城西溪逸境,,--85.00㎡南3室1厅2卫,,,,整租·新城西溪逸境 3室1厅 南
,余杭未来科技城西溪泊岸,,--60.00㎡南1室1厅1卫,,,,整租·西溪泊岸 1室1厅 南
,余杭闲林佳兆业西溪璞园,,--89.50㎡南3室1厅1卫,,,,整租·佳兆业西溪璞园 3室1厅 南
,余杭闲林佳兆业西溪璞园,,--89.00㎡南北3室2厅1卫,,,,整租·佳兆业西溪璞园 3室2厅 南/北
,余杭未来科技城万通时尚公馆,,--89.35㎡南北3室2厅1卫,,,,整租·万通时尚公馆 3室2厅 南/北
,余杭未来科技城华夏之心,,--139.00㎡南4室2厅2卫,,,,整租·华夏之心 4室2厅 南
,余杭闲林绿城桃花源,,--394.75㎡南6室3厅5卫,,,,整租·绿城桃花源 6室3厅 南
,余杭未来科技城青枫墅园三期,,--89.09㎡南西南西3室2厅1卫,,,,整租·青枫墅园三期 3室2厅 南/西南/西
,余杭闲林爵士风情花园,,--20.00㎡北2室1厅1卫,,,,合租·爵士风情花园 2居室 北卧
,余杭未来科技城庭院深深,,--95.28㎡南北2室2厅1卫,,,,整租·庭院深深 2室2厅 南/北
,余杭未来科技城西房余杭公馆,,--114.00㎡南4室2厅2卫,,,,整租·西房余杭公馆 4室2厅 南
,余杭未来科技城湖山帝景湾南苑,,--115.00㎡西南3室2厅1卫,,,,整租·湖山帝景湾南苑 3室2厅 西南
,余杭闲林杭州宏丰家居城宏丰公寓,,--39.65㎡南1室1厅1卫,,,,整租·杭州宏丰家居城宏丰公寓 1室1厅 南
闲林,余杭闲林竹海水韵春风里,4.035,--87.83㎡南北3室1厅1卫,/zufang/HZ2822376633758130176.html,3600,今天维护,整租·竹海水韵春风里 3室1厅 南/北
,余杭未来科技城凤凰家园,,--98.86㎡南3室2厅1卫,,,,整租·凤凰家园 3室2厅 南
,余杭未来科技城同城印象花苑东区,,--134.00㎡南北3室2厅1卫,,,,整租·同城印象花苑东区 3室2厅 南/北
,余杭未来科技城西城时代家园,,--132.00㎡南3室2厅2卫,,,,整租·西城时代家园 3室2厅 南
,余杭闲林新时代城市家园,,--92.28㎡南2室2厅1卫,,,,整租·新时代城市家园 2室2厅 南
,余杭闲林爵士风情花园,,--10.00㎡东南4室2厅2卫,,,,合租·爵士风情花园 4居室 东南卧
,余杭未来科技城恒合金座,,--68.29㎡南2室2厅1卫,,,,整租·恒合金座 2室2厅 南
,余杭未来科技城融创金成英特学府,,--117.00㎡西3室2厅2卫,,,,整租·融创金成英特学府 3室2厅 西
,余杭闲林恒厚阳光城,,--89.01㎡南3室1厅1卫,,,,整租·恒厚阳光城 3室1厅 南
,余杭闲林新时代城市家园,,--92.00㎡南3室2厅1卫,,,,整租·新时代城市家园 3室2厅 南
,余杭未来科技城新城峯璟,,--84.00㎡南2室2厅1卫,,,,整租·新城峯璟 2室2厅 南
,余杭闲林绿城桃花源,,--264.90㎡南4室2厅2卫,,,,整租·绿城桃花源 4室2厅 南
,余杭闲林盛世嘉园,,--264.24㎡南5室2厅3卫,,,,整租·盛世嘉园 5室2厅 跃层 南
,余杭未来科技城禹航路,,--87.74㎡东西3室1厅2卫,,,,整租·禹航路 3室1厅 东/西
,余杭未来科技城华夏之心,,--126.95㎡南北3室2厅2卫,,,,整租·华夏之心 3室2厅 南/北
,余杭闲林闲林山水木兰苑,,--200.24㎡南5室2厅3卫,,,,整租·闲林山水木兰苑 5室2厅 跃层 南
,余杭未来科技城合景映月台,,--188.00㎡南5室2厅4卫,,,,整租·合景映月台 5室2厅 南
未来科技城,余杭未来科技城新城西溪逸境,3.667,--127.00㎡南北4室2厅2卫,/zufang/HZ2745016643922173952.html,11000,今天维护,整租·新城西溪逸境 4室2厅 南/北
,余杭未来科技城青枫墅园,,--112.46㎡南3室2厅1卫,,,,整租·青枫墅园 3室2厅 南
,余杭未来科技城小城之春花苑,,--88.00㎡南2室2厅1卫,,,,整租·小城之春花苑 2室2厅 南
,余杭闲林棠梨家园,,--105.00㎡南2室2厅1卫,,,,整租·棠梨家园 2室2厅 南
,余杭未来科技城福田花园,,--142.00㎡南4室2厅2卫,,,,整租·福田花园 4室2厅 南
,余杭未来科技城合景叠彩园,,--91.95㎡南北2室2厅2卫,,,,整租·合景叠彩园 2室2厅 南/北
,余杭未来科技城西溪八方城,,--53.00㎡西2室2厅2卫,,,,整租·西溪八方城 2室2厅 西
闲林,余杭闲林新明半岛,5.023,--145.00㎡南北3室2厅1卫,/zufang/HZ2734835707658117120.html,4000,今天维护,整租·新明半岛 3室2厅 南/北
,余杭未来科技城青枫墅园,,--246.50㎡北3室1厅1卫,,,,合租·青枫墅园 3居室 跃层 北卧
,余杭未来科技城西城时代家园,,--165.30㎡南4室2厅2卫,,,,整租·西城时代家园 4室2厅 南
,余杭未来科技城西溪蓝海,,--66.44㎡西南1室1厅1卫,,,,整租·西溪蓝海 1室1厅 西南
,余杭未来科技城北大资源未名府,,--34.67㎡南2室1厅1卫,,,,整租·北大资源未名府 2室1厅 南
闲林,余杭闲林闲林山水木兰苑,5.452,--126.00㎡南西北3室2厅2卫,/zufang/HZ2789088257181220864.html,4300,今天维护,整租·闲林山水木兰苑 3室2厅 错层 南/西北
,余杭闲林闲林山水紫薇苑,,--125.00㎡南3室1厅2卫,,,,整租·闲林山水紫薇苑 3室1厅 南
,余杭未来科技城融创金成英特学府,,--89.90㎡南北4室1厅2卫,,,,整租·融创金成英特学府 4室1厅 南/北
,余杭未来科技城青枫墅园,,--30.00㎡南3室3厅3卫,,,,合租·青枫墅园 3居室 南卧
,余杭闲林金岸提香,,--219.00㎡南4室2厅3卫,,,,整租·金岸提香 4室2厅 南
,余杭未来科技城庭院深深,,--103.31㎡南北2室1厅1卫,,,,整租·庭院深深 2室1厅 南/北
,余杭未来科技城西溪永乐城,,--89.00㎡南北3室2厅1卫,,,,整租·西溪永乐城 3室2厅 南/北
,余杭未来科技城西溪蓝海,,--118.18㎡南4室2厅2卫,,,,整租·西溪蓝海 4室2厅 南
未来科技城,余杭未来科技城复地上城,3.072,--82.52㎡东南2室1厅1卫,/zufang/HZ2821586870038183936.html,3300,今天维护,整租·复地上城 2室1厅 东南
,余杭闲林闲林山水海棠苑,,--12.00㎡北2室1厅1卫,,,,合租·闲林山水海棠苑 2居室 北卧
,余杭闲林雅居乐国际花园,,--9.00㎡东3室1厅2卫,,,,合租·雅居乐国际花园 3居室 东卧
,余杭未来科技城东原印未来,,--126.01㎡东4室2厅2卫,,,,整租·东原印未来 4室2厅 东
,余杭闲林闲林山水紫薇苑,,--89.00㎡东南3室2厅2卫,,,,整租·闲林山水紫薇苑 3室2厅 东南
,余杭未来科技城飞鸟客,,--46.35㎡东北1室1厅1卫,,,,整租·飞鸟客 1室1厅 东北
,余杭未来科技城盛奥西溪铭座,,--276.00㎡南5室2厅3卫,,,,整租·盛奥西溪铭座 5室2厅 南
,余杭未来科技城中南未来里,,--53.00㎡北2室2厅2卫,,,,合租·中南未来里 2居室 北卧
,余杭未来科技城五迪中心,,--45.00㎡西2室1厅1卫,,,,五迪中心 2室1厅 西
,余杭未来科技城万科溪望,,--138.39㎡南4室2厅2卫,,,,整租·万科溪望 4室2厅 南
,余杭未来科技城金地西溪风华,,--136.25㎡南北2室1厅1卫,,,,整租·金地西溪风华 2室1厅 南/北
,余杭闲林棠梨家园,,--126.00㎡南4室2厅2卫,,,,整租·棠梨家园 4室2厅 南
,余杭闲林天富花苑,,--87.00㎡南北2室2厅1卫,,,,整租·天富花苑 2室2厅 南/北
闲林,余杭闲林闲林山水木兰苑,5.452,--35.00㎡南1室1厅1卫,/zufang/HZ2821563815861428224.html,1700,今天维护,整租·闲林山水木兰苑 1室1厅 跃层 南
未来科技城,余杭未来科技城西溪美岸,3.227,--40.00㎡南1室1厅1卫,/zufang/HZ2691128015425388544.html,2900,今天维护,整租·西溪美岸 1室1厅 南
,余杭闲林杭州宏丰家居城宏丰公寓,,--40.00㎡北1室1厅1卫,,,,整租·杭州宏丰家居城宏丰公寓 1室1厅 北
,余杭未来科技城禹航路,,--84.00㎡南北2室1厅1卫,,,,整租·禹航路 2室1厅 南/北
,余杭闲林绿城桃源小镇,,--136.64㎡东3室2厅2卫,,,,整租·绿城桃源小镇 3室2厅 东
,余杭未来科技城众安学君里,,--129.00㎡西3室2厅3卫,,,,整租·众安学君里 3室2厅 西
,余杭未来科技城合景映月台,,--89.00㎡南3室2厅1卫,,,,整租·合景映月台 3室2厅 南
未来科技城,余杭未来科技城奥克斯时代未来之城,1.323,--129.75㎡南北3室2厅2卫,/zufang/HZ2821553308735373312.html,6500,今天维护,整租·奥克斯时代未来之城 3室2厅 南/北
,余杭未来科技城青枫墅园,,--246.50㎡东南3室1厅1卫,,,,合租·青枫墅园 3居室 跃层 东/南卧
,余杭未来科技城青枫墅园,,--246.50㎡南3室1厅1卫,,,,合租·青枫墅园 3居室 跃层 南卧
,余杭未来科技城瑞城温莎郡,,--90.00㎡南3室1厅1卫,,,,合租·瑞城温莎郡 3居室 南卧
,余杭未来科技城湖山帝景湾南苑,,--89.00㎡南北2室1厅1卫,,,,整租·湖山帝景湾南苑 2室1厅 南/北
闲林,余杭闲林新明半岛,5.023,--90.77㎡西南3室1厅1卫,/zufang/HZ2786803879604658176.html,3200,今天维护,整租·新明半岛 3室1厅 西南
,余杭未来科技城奥克斯时代未来之城,,--130.00㎡南4室1厅2卫,,,,整租·奥克斯时代未来之城 4室1厅 南
闲林,余杭闲林中港罗兰小镇,7.502,--20.00㎡东南南3室2厅2卫,/zufang/HZ2791937238005719040.html,1200,今天维护,合租·中港罗兰小镇 3居室 东南/南卧
,余杭未来科技城新湖果岭,,--135.00㎡南西北4室2厅2卫,,,,整租·新湖果岭 4室2厅 南/西/北
,余杭未来科技城西溪八方城,,--52.00㎡西南2室2厅2卫,,,,整租·西溪八方城 2室2厅 西南
未来科技城,余杭未来科技城新湖菲林山,3.227,--115.60㎡东3室2厅2卫,/zufang/HZ2760787673680986112.html,4800,今天维护,整租·新湖菲林山 3室2厅 东
,余杭未来科技城创客空间大厦,,--43.00㎡北2室1厅1卫,,,,整租·创客空间大厦 2室1厅 北
,余杭未来科技城禹丰嘉苑,,--117.54㎡南3室2厅1卫,,,,整租·禹丰嘉苑 3室2厅 南
,余杭未来科技城欣龙华府公寓,,--89.00㎡南2室2厅1卫,,,,整租·欣龙华府公寓 2室2厅 南
,余杭未来科技城径都荷塘花苑,,--40.69㎡南2室1厅1卫,,,,整租·径都荷塘花苑 2室1厅 南
,余杭未来科技城北大资源未名府,,--89.00㎡南北3室2厅2卫,,,,整租·北大资源未名府 3室2厅 南/北
,余杭未来科技城径铭家园,,--74.34㎡南2室1厅1卫,,,,整租·径铭家园 2室1厅 南
,余杭未来科技城欣龙华府公寓,,--102.00㎡南3室1厅2卫,,,,整租·欣龙华府公寓 3室1厅 南
,余杭未来科技城小城之春花苑,,--80.00㎡南2室1厅1卫,,,,整租·小城之春花苑 2室1厅 南
,余杭未来科技城富力十号一期,,--54.63㎡南1室1厅1卫,,,,整租·富力十号一期 1室1厅 南
,余杭未来科技城富力天贸广场,,--100.60㎡南2室2厅1卫,,,,整租·富力天贸广场 2室2厅 南
,余杭未来科技城西溪泊岸,,--58.00㎡东南2室1厅1卫,,,,整租·西溪泊岸 2室1厅 东南
,余杭未来科技城豪波西溪润景,,--51.68㎡西3室1厅1卫,,,,整租·豪波西溪润景 3室1厅 西
,余杭未来科技城复地上城,,--89.00㎡南3室1厅1卫,,,,整租·复地上城 3室1厅 南
,余杭未来科技城盛奥西溪铭座,,--57.16㎡东南2室1厅1卫,,,,整租·盛奥西溪铭座 2室1厅 东/南
,余杭未来科技城佳源未来府,,--90.00㎡南2室2厅1卫,,,,整租·佳源未来府 2室2厅 南
,余杭未来科技城欧美金融城,,--64.00㎡南北2室1厅1卫,,,,整租·欧美金融城 2室1厅 南/北
,余杭未来科技城景瑞御蓝湾,,--86.90㎡东南3室1厅1卫,,,,整租·景瑞御蓝湾 3室1厅 东南
,余杭未来科技城富力十号一期,,--26.10㎡南1室0厅0卫,,,,合租·富力十号一期 1居室 南卧
,余杭未来科技城富力十号一期,,--47.86㎡北2室1厅1卫,,,,整租·富力十号一期 2室1厅 北
,余杭未来科技城阳光城未来悦MAX,,--125.81㎡南北4室1厅2卫,,,,整租·阳光城未来悦MAX 4室1厅 南/北
,余杭未来科技城圆乡名筑,,--97.00㎡南3室2厅1卫,,,,整租·圆乡名筑 3室2厅 南
,余杭未来科技城凤凰家园,,--100.00㎡南2室2厅2卫,,,,整租·凤凰家园 2室2厅 南
,余杭未来科技城宝林西路,,--116.00㎡南3室2厅1卫,,,,整租·宝林西路 3室2厅 南
,余杭未来科技城庭院深深,,--136.00㎡东3室2厅2卫,,,,整租·庭院深深 3室2厅 东
,余杭未来科技城新湖菲林山,,--125.00㎡南北4室2厅2卫,,,,合租·新湖菲林山 4居室 南/北卧
,余杭未来科技城新湖菲林山,,--125.55㎡南4室2厅2卫,,,,合租·新湖菲林山 4居室 南卧
,余杭未来科技城富力西溪悦居,,--122.24㎡东南南3室2厅2卫,,,,整租·富力西溪悦居 3室2厅 东南/南
,余杭未来科技城豪波西溪润景,,--107.80㎡东未知室1厅0卫,,,,整租·豪波西溪润景 0室1厅 东
,余杭未来科技城中南樾府,,--89.07㎡南3室2厅2卫,,,,整租·中南樾府 3室2厅 跃层 南
,余杭未来科技城西溪美岸,,--46.00㎡南2室1厅1卫,,,,整租·西溪美岸 2室1厅 南
未来科技城,滨江浦沿超级星期天,17.949,--38.00㎡南1室0厅1卫,/zufang/HZ2798606234029670400.html,2600,3天前维护,整租·超级星期天 1室0厅 南
未来科技城,西湖之江和昌云潮,16.607,--40.00㎡南1室1厅1卫,/zufang/HZ2631687397225529344.html,2300,28天前维护,整租·和昌云潮 1室1厅 南
,上城城东新城明月嘉苑,,--18.00㎡南2室1厅1卫,,,,合租·明月嘉苑 2居室 南卧
未来科技城,西湖西溪龙湖西溪天街,10.526,--39.62㎡东1室1厅1卫,/zufang/HZ2787732698418905088.html,3200,今天维护,整租·龙湖西溪天街 1室1厅 东
未来科技城,滨江长河德信时代之心,23.081,--40.88㎡东1室1厅1卫,/zufang/HZ2685006541094404096.html,3350,1个月前维护,整租·德信时代之心 1室1厅 东
未来科技城,上城潮鸣环城东路16号,1105.181,--36.00㎡南北1室1厅1卫,/zufang/HZ2798527746513305600.html,3799,5天前维护,整租·环城东路16号 1室1厅 LOFT 南/北
未来科技城,钱塘区大学城北金地都会钱塘东区,49.076,--100.00㎡南2室1厅1卫,/zufang/HZ2813647608420245504.html,3699,今天维护,整租·金地都会钱塘东区 2室1厅 南
